{
"parent":"item/handheld_rod",
"textures":{"layer0":"item/carrot_on_a_stick"},
"overrides":
[
{"predicate":{"custom_model_data":1},"model":"item/bone"},
{"predicate":{"custom_model_data":2},"model":"item/bone_meal"},
{"predicate":{"custom_model_data":3},"model":"item/light_gray_dye"},
{"predicate":{"custom_model_data":4},"model":"item/pumpkin_seeds"},
{"predicate":{"custom_model_data":5},"model":"item/red_dye"},
{"predicate":{"custom_model_data":6},"model":"item/gold_ingot"},
{"predicate":{"custom_model_data":7},"model":"item/cyan_dye"},
{"predicate":{"custom_model_data":8},"model":"item/light_blue_dye"},
{"predicate":{"custom_model_data":9},"model":"item/wheat_seeds"},
{"predicate":{"custom_model_data":10},"model":"item/gray_dye"},
{"predicate":{"custom_model_data":11},"model":"item/gunpowder"},
{"predicate":{"custom_model_data":12},"model":"item/spider_eye"},
{"predicate":{"custom_model_data":13},"model":"item/string"},
{"predicate":{"custom_model_data":14},"model":"item/iron_ingot"},
{"predicate":{"custom_model_data":15},"model":"item/brick"},
{"predicate":{"custom_model_data":16},"model":"item/lapis_lazuli"},
{"predicate":{"custom_model_data":17},"model":"item/clay_ball"},
{"predicate":{"custom_model_data":18},"model":"item/gold_nugget"},
{"predicate":{"custom_model_data":19},"model":"item/blue_dye"},
{"predicate":{"custom_model_data":20},"model":"item/glowstone_dust"},
{"predicate":{"custom_model_data":21},"model":"item/nether_wart"},
{"predicate":{"custom_model_data":22},"model":"item/black_dye"},
{"predicate":{"custom_model_data":23},"model":"item/orange_dye"},
{"predicate":{"custom_model_data":24},"model":"item/flint"},
{"predicate":{"custom_model_data":25},"model":"item/nether_brick"},
{"predicate":{"custom_model_data":26},"model":"item/green_dye"},
{"predicate":{"custom_model_data":27},"model":"item/blaze_rod"},
{"predicate":{"custom_model_data":28},"model":"item/iron_nugget"},
{"predicate":{"custom_model_data":29},"model":"item/flint"},
{"predicate":{"custom_model_data":30},"model":"item/scute"},
{"predicate":{"custom_model_data":31},"model":"item/stick"},
{"predicate":{"custom_model_data":32},"model":"item/brown_dye"}
]
}