{
	"credit": "Made with Blockbench",
	"textures": {
		"up": "move/bonew"
	},
	"elements": [
		{
			"from": [0, 8, 5],
			"to": [16, 14, 11],
			"faces": {
				"north": {"uv": [16, 10, 0, 16], "texture": "#up", "cullface": "north"},
				"east": {"uv": [4, 2, 12, 8], "texture": "#up", "cullface": "east"},
				"south": {"uv": [0, 10, 16, 16], "texture": "#up", "cullface": "south"},
				"west": {"uv": [1, 0, 7, 6], "texture": "#up", "cullface": "west"},
				"up": {"uv": [0, 10, 16, 16], "texture": "#up", "cullface": "up"},
				"down": {"uv": [0, 10, 16, 16], "texture": "#up", "cullface": "down"}
			}
		},
		{
			"from": [-8, 7.99, 5],
			"to": [0, 13.99, 11],
			"rotation": {"angle": -45, "axis": "y", "origin": [0, 8, 8]},
			"faces": {
				"north": {"uv": [0, 0, 8, 6], "texture": "#up", "cullface": "north"},
				"east": {"uv": [5, 2, 12, 8], "texture": "#up", "cullface": "east"},
				"south": {"uv": [0, 1, 8, 7], "texture": "#up", "cullface": "south"},
				"west": {"uv": [4, 2, 11, 8], "texture": "#up", "cullface": "west"},
				"up": {"uv": [4, 3, 12, 9], "texture": "#up", "cullface": "up"},
				"down": {"uv": [3, 4, 11, 10], "texture": "#up", "cullface": "down"}
			}
		},
		{
			"from": [-3, 7.99, 8],
			"to": [3, 13.99, 16],
			"rotation": {"angle": -45, "axis": "y", "origin": [0, 8, 8]},
			"faces": {
				"north": {"uv": [0, 0, 8, 6], "texture": "#up", "cullface": "east"},
				"east": {"uv": [0, 2, 8, 8], "texture": "#up", "cullface": "south"},
				"south": {"uv": [0, 1, 8, 7], "texture": "#up", "cullface": "west"},
				"west": {"uv": [8, 2, 16, 8], "texture": "#up", "cullface": "north"},
				"up": {"uv": [4, 3, 12, 9], "rotation": 270, "texture": "#up", "cullface": "up"},
				"down": {"uv": [4, 2, 12, 8], "rotation": 90, "texture": "#up", "cullface": "down"}
			}
		},
		{
			"from": [16, 7.99, 5],
			"to": [24, 13.99, 11],
			"rotation": {"angle": -45, "axis": "y", "origin": [16, 8, 8]},
			"faces": {
				"north": {"uv": [0, 0, 8, 6], "texture": "#up", "cullface": "north"},
				"east": {"uv": [4, 2, 11, 8], "texture": "#up", "cullface": "east"},
				"south": {"uv": [0, 1, 8, 7], "texture": "#up", "cullface": "south"},
				"west": {"uv": [5, 2, 12, 8], "texture": "#up", "cullface": "west"},
				"up": {"uv": [4, 3, 12, 9], "texture": "#up", "cullface": "up"},
				"down": {"uv": [4, 2, 12, 8], "texture": "#up", "cullface": "down"}
			}
		},
		{
			"from": [16, 7.99, 5],
			"to": [24, 13.99, 11],
			"rotation": {"angle": 45, "axis": "y", "origin": [16, 8, 8]},
			"faces": {
				"north": {"uv": [0, 0, 8, 6], "texture": "#up", "cullface": "north"},
				"east": {"uv": [5, 2, 12, 8], "texture": "#up", "cullface": "east"},
				"south": {"uv": [0, 1, 8, 7], "texture": "#up", "cullface": "south"},
				"west": {"uv": [4, 2, 11, 8], "texture": "#up", "cullface": "west"},
				"up": {"uv": [4, 3, 12, 9], "texture": "#up", "cullface": "up"},
				"down": {"uv": [16, 5, 16, 12], "texture": "#up", "cullface": "down"}
			}
		}
	],
	"display": {
		"gui": {
			"rotation": [35, 48, 0],
			"translation": [0, -1.25, 0],
			"scale": [0.57, 0.57, 0.57]
		},
		"head": {
			"rotation": [0, -90, 0],
			"translation": [0, -30.8, 0],
			"scale": [2.22, 2.22, 2.22]
		}
	}
}