{
	"credit": "Made with Blockbench",
	"textures": {
		"0": "move/bone"
	},
	"elements": [
		{
			"from": [13, -4, 7],
			"to": [15, 6, 9],
			"faces": {
				"north": {"uv": [0, 0, 2, 10], "texture": "#0"},
				"east": {"uv": [0, 0, 2, 10], "texture": "#0"},
				"south": {"uv": [0, 0, 2, 10], "texture": "#0"},
				"west": {"uv": [0, 0, 2, 10], "texture": "#0"},
				"up": {"uv": [0, 0, 2, 2], "texture": "#0"},
				"down": {"uv": [0, 0, 2, 2], "texture": "#0"}
			}
		},
		{
			"from": [13, 6, 9],
			"to": [15, 9, 11],
			"rotation": {"angle": 45, "axis": "x", "origin": [14, 8, 8]},
			"faces": {
				"north": {"uv": [0, 0, 2, 3], "rotation": 270, "texture": "#0"},
				"east": {"uv": [0, 0, 2, 3], "texture": "#0"},
				"south": {"uv": [0, 0, 2, 3], "rotation": 90, "texture": "#0"},
				"west": {"uv": [0, 0, 2, 3], "rotation": 180, "texture": "#0"},
				"up": {"uv": [0, 0, 2, 3], "rotation": 90, "texture": "#0"},
				"down": {"uv": [0, 0, 2, 3], "rotation": 90, "texture": "#0"}
			}
		},
		{
			"from": [13, 6, 5],
			"to": [15, 9, 7],
			"rotation": {"angle": -45, "axis": "x", "origin": [14, 8, 8]},
			"faces": {
				"north": {"uv": [0, 0, 2, 3], "rotation": 270, "texture": "#0"},
				"east": {"uv": [0, 0, 2, 3], "texture": "#0"},
				"south": {"uv": [0, 0, 2, 3], "rotation": 90, "texture": "#0"},
				"west": {"uv": [0, 0, 2, 3], "rotation": 180, "texture": "#0"},
				"up": {"uv": [0, 0, 2, 3], "rotation": 90, "texture": "#0"},
				"down": {"uv": [0, 0, 2, 3], "rotation": 90, "texture": "#0"}
			}
		},
		{
			"from": [13, -7, 5],
			"to": [15, -4, 7],
			"rotation": {"angle": 45, "axis": "x", "origin": [14, -6, 8]},
			"faces": {
				"north": {"uv": [0, 0, 2, 3], "rotation": 270, "texture": "#0"},
				"east": {"uv": [0, 0, 2, 3], "texture": "#0"},
				"south": {"uv": [0, 0, 2, 3], "rotation": 90, "texture": "#0"},
				"west": {"uv": [0, 0, 2, 3], "rotation": 180, "texture": "#0"},
				"up": {"uv": [0, 0, 2, 3], "rotation": 90, "texture": "#0"},
				"down": {"uv": [0, 0, 2, 3], "rotation": 90, "texture": "#0"}
			}
		},
		{
			"from": [13, -7, 9],
			"to": [15, -4, 11],
			"rotation": {"angle": -45, "axis": "x", "origin": [14, -6, 8]},
			"faces": {
				"north": {"uv": [0, 0, 2, 3], "rotation": 270, "texture": "#0"},
				"east": {"uv": [0, 0, 2, 3], "texture": "#0"},
				"south": {"uv": [0, 0, 2, 3], "rotation": 90, "texture": "#0"},
				"west": {"uv": [0, 0, 2, 3], "rotation": 180, "texture": "#0"},
				"up": {"uv": [0, 0, 2, 3], "rotation": 90, "texture": "#0"},
				"down": {"uv": [0, 0, 2, 3], "rotation": 90, "texture": "#0"}
			}
		},
		{
			"from": [17.99333, -5.2919, 15.46193],
			"to": [19.99333, 4.7081, 17.46193],
			"rotation": {"angle": 22.5, "axis": "x", "origin": [18.99333, -0.23505, 16.46193]},
			"faces": {
				"north": {"uv": [0, 0, 2, 10], "texture": "#0"},
				"east": {"uv": [0, 0, 2, 10], "texture": "#0"},
				"south": {"uv": [0, 0, 2, 10], "texture": "#0"},
				"west": {"uv": [0, 0, 2, 10], "texture": "#0"},
				"up": {"uv": [0, 0, 2, 2], "texture": "#0"},
				"down": {"uv": [0, 0, 2, 2], "texture": "#0"}
			}
		},
		{
			"from": [17.99333, 1.775, 19.47198],
			"to": [19.99333, 3.775, 22.47198],
			"rotation": {"angle": -22.5, "axis": "x", "origin": [18.99333, -0.23505, 16.46193]},
			"faces": {
				"north": {"uv": [0, 0, 2, 3], "rotation": 270, "texture": "#0"},
				"east": {"uv": [0, 0, 2, 3], "rotation": 270, "texture": "#0"},
				"south": {"uv": [0, 0, 2, 3], "rotation": 90, "texture": "#0"},
				"west": {"uv": [0, 0, 2, 3], "rotation": 270, "texture": "#0"},
				"up": {"uv": [0, 0, 2, 3], "rotation": 90, "texture": "#0"},
				"down": {"uv": [0, 0, 2, 3], "rotation": 90, "texture": "#0"}
			}
		},
		{
			"from": [17.99333, 2.775, 18.47198],
			"to": [19.99333, 5.775, 20.47198],
			"rotation": {"angle": -22.5, "axis": "x", "origin": [18.99333, -0.23505, 16.46193]},
			"faces": {
				"north": {"uv": [0, 0, 2, 3], "rotation": 270, "texture": "#0"},
				"east": {"uv": [0, 0, 2, 3], "texture": "#0"},
				"south": {"uv": [0, 0, 2, 3], "rotation": 90, "texture": "#0"},
				"west": {"uv": [0, 0, 2, 3], "rotation": 180, "texture": "#0"},
				"up": {"uv": [0, 0, 2, 3], "rotation": 90, "texture": "#0"},
				"down": {"uv": [0, 0, 2, 3], "rotation": 90, "texture": "#0"}
			}
		},
		{
			"from": [17.99333, -4.225, 10.47198],
			"to": [19.99333, -2.225, 13.47198],
			"rotation": {"angle": -22.5, "axis": "x", "origin": [18.99333, -0.23505, 16.46193]},
			"faces": {
				"north": {"uv": [0, 0, 2, 3], "rotation": 270, "texture": "#0"},
				"east": {"uv": [0, 0, 2, 3], "rotation": 270, "texture": "#0"},
				"south": {"uv": [0, 0, 2, 3], "rotation": 90, "texture": "#0"},
				"west": {"uv": [0, 0, 2, 3], "rotation": 270, "texture": "#0"},
				"up": {"uv": [0, 0, 2, 3], "rotation": 90, "texture": "#0"},
				"down": {"uv": [0, 0, 2, 3], "rotation": 90, "texture": "#0"}
			}
		},
		{
			"from": [17.99333, -6.225, 12.47198],
			"to": [19.99333, -3.225, 14.47198],
			"rotation": {"angle": -22.5, "axis": "x", "origin": [18.99333, -0.23505, 16.46193]},
			"faces": {
				"north": {"uv": [0, 0, 2, 3], "rotation": 270, "texture": "#0"},
				"east": {"uv": [0, 0, 2, 3], "texture": "#0"},
				"south": {"uv": [0, 0, 2, 3], "rotation": 90, "texture": "#0"},
				"west": {"uv": [0, 0, 2, 3], "rotation": 180, "texture": "#0"},
				"up": {"uv": [0, 0, 2, 3], "rotation": 90, "texture": "#0"},
				"down": {"uv": [0, 0, 2, 3], "rotation": 90, "texture": "#0"}
			}
		},
		{
			"from": [6.74333, -8.2919, 20.21193],
			"to": [8.74333, 1.7081, 22.21193],
			"rotation": {"angle": 22.5, "axis": "x", "origin": [7.74333, -3.23505, 21.21193]},
			"faces": {
				"north": {"uv": [0, 0, 2, 10], "texture": "#0"},
				"east": {"uv": [0, 0, 2, 10], "texture": "#0"},
				"south": {"uv": [0, 0, 2, 10], "texture": "#0"},
				"west": {"uv": [0, 0, 2, 10], "texture": "#0"},
				"up": {"uv": [0, 0, 2, 2], "texture": "#0"},
				"down": {"uv": [0, 0, 2, 2], "texture": "#0"}
			}
		},
		{
			"from": [6.74333, -1.225, 24.22198],
			"to": [8.74333, 0.775, 27.22198],
			"rotation": {"angle": -22.5, "axis": "x", "origin": [7.74333, -3.23505, 21.21193]},
			"faces": {
				"north": {"uv": [0, 0, 2, 3], "rotation": 270, "texture": "#0"},
				"east": {"uv": [0, 0, 2, 3], "rotation": 270, "texture": "#0"},
				"south": {"uv": [0, 0, 2, 3], "rotation": 90, "texture": "#0"},
				"west": {"uv": [0, 0, 2, 3], "rotation": 270, "texture": "#0"},
				"up": {"uv": [0, 0, 2, 3], "rotation": 90, "texture": "#0"},
				"down": {"uv": [0, 0, 2, 3], "rotation": 90, "texture": "#0"}
			}
		},
		{
			"from": [6.74333, -0.225, 23.22198],
			"to": [8.74333, 2.775, 25.22198],
			"rotation": {"angle": -22.5, "axis": "x", "origin": [7.74333, -3.23505, 21.21193]},
			"faces": {
				"north": {"uv": [0, 0, 2, 3], "rotation": 270, "texture": "#0"},
				"east": {"uv": [0, 0, 2, 3], "texture": "#0"},
				"south": {"uv": [0, 0, 2, 3], "rotation": 90, "texture": "#0"},
				"west": {"uv": [0, 0, 2, 3], "rotation": 180, "texture": "#0"},
				"up": {"uv": [0, 0, 2, 3], "rotation": 90, "texture": "#0"},
				"down": {"uv": [0, 0, 2, 3], "rotation": 90, "texture": "#0"}
			}
		},
		{
			"from": [6.74333, -7.225, 15.22198],
			"to": [8.74333, -5.225, 18.22198],
			"rotation": {"angle": -22.5, "axis": "x", "origin": [7.74333, -3.23505, 21.21193]},
			"faces": {
				"north": {"uv": [0, 0, 2, 3], "rotation": 270, "texture": "#0"},
				"east": {"uv": [0, 0, 2, 3], "rotation": 270, "texture": "#0"},
				"south": {"uv": [0, 0, 2, 3], "rotation": 90, "texture": "#0"},
				"west": {"uv": [0, 0, 2, 3], "rotation": 270, "texture": "#0"},
				"up": {"uv": [0, 0, 2, 3], "rotation": 90, "texture": "#0"},
				"down": {"uv": [0, 0, 2, 3], "rotation": 90, "texture": "#0"}
			}
		},
		{
			"from": [6.74333, -9.225, 17.22198],
			"to": [8.74333, -6.225, 19.22198],
			"rotation": {"angle": -22.5, "axis": "x", "origin": [7.74333, -3.23505, 21.21193]},
			"faces": {
				"north": {"uv": [0, 0, 2, 3], "rotation": 270, "texture": "#0"},
				"east": {"uv": [0, 0, 2, 3], "texture": "#0"},
				"south": {"uv": [0, 0, 2, 3], "rotation": 90, "texture": "#0"},
				"west": {"uv": [0, 0, 2, 3], "rotation": 180, "texture": "#0"},
				"up": {"uv": [0, 0, 2, 3], "rotation": 90, "texture": "#0"},
				"down": {"uv": [0, 0, 2, 3], "rotation": 90, "texture": "#0"}
			}
		},
		{
			"from": [6.74333, -8.2919, -6.28807],
			"to": [8.74333, 1.7081, -4.28807],
			"rotation": {"angle": -22.5, "axis": "x", "origin": [7.74333, -3.23505, -5.28807]},
			"faces": {
				"north": {"uv": [0, 0, 2, 10], "texture": "#0"},
				"east": {"uv": [0, 0, 2, 10], "texture": "#0"},
				"south": {"uv": [0, 0, 2, 10], "texture": "#0"},
				"west": {"uv": [0, 0, 2, 10], "texture": "#0"},
				"up": {"uv": [0, 0, 2, 2], "texture": "#0"},
				"down": {"uv": [0, 0, 2, 2], "texture": "#0"}
			}
		},
		{
			"from": [6.74333, -0.225, -9.29812],
			"to": [8.74333, 2.775, -7.29812],
			"rotation": {"angle": 22.5, "axis": "x", "origin": [7.74333, -3.23505, -5.28807]},
			"faces": {
				"north": {"uv": [0, 0, 2, 3], "rotation": 270, "texture": "#0"},
				"east": {"uv": [0, 0, 2, 3], "texture": "#0"},
				"south": {"uv": [0, 0, 2, 3], "rotation": 90, "texture": "#0"},
				"west": {"uv": [0, 0, 2, 3], "rotation": 180, "texture": "#0"},
				"up": {"uv": [0, 0, 2, 3], "rotation": 90, "texture": "#0"},
				"down": {"uv": [0, 0, 2, 3], "rotation": 90, "texture": "#0"}
			}
		},
		{
			"from": [6.74333, -1.225, -11.29812],
			"to": [8.74333, 0.775, -8.29812],
			"rotation": {"angle": 22.5, "axis": "x", "origin": [7.74333, -3.23505, -5.28807]},
			"faces": {
				"north": {"uv": [0, 0, 2, 3], "rotation": 270, "texture": "#0"},
				"east": {"uv": [0, 0, 2, 3], "rotation": 90, "texture": "#0"},
				"south": {"uv": [0, 0, 2, 3], "rotation": 90, "texture": "#0"},
				"west": {"uv": [0, 0, 2, 3], "rotation": 90, "texture": "#0"},
				"up": {"uv": [0, 0, 2, 3], "rotation": 90, "texture": "#0"},
				"down": {"uv": [0, 0, 2, 3], "rotation": 90, "texture": "#0"}
			}
		},
		{
			"from": [6.74333, -9.225, -3.29812],
			"to": [8.74333, -6.225, -1.29812],
			"rotation": {"angle": 22.5, "axis": "x", "origin": [7.74333, -3.23505, -5.28807]},
			"faces": {
				"north": {"uv": [0, 0, 2, 3], "rotation": 270, "texture": "#0"},
				"east": {"uv": [0, 0, 2, 3], "texture": "#0"},
				"south": {"uv": [0, 0, 2, 3], "rotation": 90, "texture": "#0"},
				"west": {"uv": [0, 0, 2, 3], "rotation": 180, "texture": "#0"},
				"up": {"uv": [0, 0, 2, 3], "rotation": 90, "texture": "#0"},
				"down": {"uv": [0, 0, 2, 3], "rotation": 90, "texture": "#0"}
			}
		},
		{
			"from": [6.74333, -7.225, -2.29812],
			"to": [8.74333, -5.225, 0.70188],
			"rotation": {"angle": 22.5, "axis": "x", "origin": [7.74333, -3.23505, -5.28807]},
			"faces": {
				"north": {"uv": [0, 0, 2, 3], "rotation": 270, "texture": "#0"},
				"east": {"uv": [0, 0, 2, 3], "rotation": 90, "texture": "#0"},
				"south": {"uv": [0, 0, 2, 3], "rotation": 90, "texture": "#0"},
				"west": {"uv": [0, 0, 2, 3], "rotation": 90, "texture": "#0"},
				"up": {"uv": [0, 0, 2, 3], "rotation": 90, "texture": "#0"},
				"down": {"uv": [0, 0, 2, 3], "rotation": 90, "texture": "#0"}
			}
		},
		{
			"from": [1, -4, 7],
			"to": [3, 6, 9],
			"faces": {
				"north": {"uv": [0, 0, 2, 10], "texture": "#0"},
				"east": {"uv": [0, 0, 2, 10], "texture": "#0"},
				"south": {"uv": [0, 0, 2, 10], "texture": "#0"},
				"west": {"uv": [0, 0, 2, 10], "texture": "#0"},
				"up": {"uv": [0, 0, 2, 2], "texture": "#0"},
				"down": {"uv": [0, 0, 2, 2], "texture": "#0"}
			}
		},
		{
			"from": [1, 6, 9],
			"to": [3, 9, 11],
			"rotation": {"angle": 45, "axis": "x", "origin": [2, 8, 8]},
			"faces": {
				"north": {"uv": [0, 0, 2, 3], "rotation": 270, "texture": "#0"},
				"east": {"uv": [0, 0, 2, 3], "texture": "#0"},
				"south": {"uv": [0, 0, 2, 3], "rotation": 90, "texture": "#0"},
				"west": {"uv": [0, 0, 2, 3], "rotation": 180, "texture": "#0"},
				"up": {"uv": [0, 0, 2, 3], "rotation": 90, "texture": "#0"},
				"down": {"uv": [0, 0, 2, 3], "rotation": 90, "texture": "#0"}
			}
		},
		{
			"from": [1, 6, 5],
			"to": [3, 9, 7],
			"rotation": {"angle": -45, "axis": "x", "origin": [2, 8, 8]},
			"faces": {
				"north": {"uv": [0, 0, 2, 3], "rotation": 270, "texture": "#0"},
				"east": {"uv": [0, 0, 2, 3], "texture": "#0"},
				"south": {"uv": [0, 0, 2, 3], "rotation": 90, "texture": "#0"},
				"west": {"uv": [0, 0, 2, 3], "rotation": 180, "texture": "#0"},
				"up": {"uv": [0, 0, 2, 3], "rotation": 90, "texture": "#0"},
				"down": {"uv": [0, 0, 2, 3], "rotation": 90, "texture": "#0"}
			}
		},
		{
			"from": [1, -7, 5],
			"to": [3, -4, 7],
			"rotation": {"angle": 45, "axis": "x", "origin": [2, -6, 8]},
			"faces": {
				"north": {"uv": [0, 0, 2, 3], "rotation": 270, "texture": "#0"},
				"east": {"uv": [0, 0, 2, 3], "texture": "#0"},
				"south": {"uv": [0, 0, 2, 3], "rotation": 90, "texture": "#0"},
				"west": {"uv": [0, 0, 2, 3], "rotation": 180, "texture": "#0"},
				"up": {"uv": [0, 0, 2, 3], "rotation": 90, "texture": "#0"},
				"down": {"uv": [0, 0, 2, 3], "rotation": 90, "texture": "#0"}
			}
		},
		{
			"from": [1, -7, 9],
			"to": [3, -4, 11],
			"rotation": {"angle": -45, "axis": "x", "origin": [2, -6, 8]},
			"faces": {
				"north": {"uv": [0, 0, 2, 3], "rotation": 270, "texture": "#0"},
				"east": {"uv": [0, 0, 2, 3], "texture": "#0"},
				"south": {"uv": [0, 0, 2, 3], "rotation": 90, "texture": "#0"},
				"west": {"uv": [0, 0, 2, 3], "rotation": 180, "texture": "#0"},
				"up": {"uv": [0, 0, 2, 3], "rotation": 90, "texture": "#0"},
				"down": {"uv": [0, 0, 2, 3], "rotation": 90, "texture": "#0"}
			}
		},
		{
			"from": [7, -4.75, 1],
			"to": [9, 5.25, 3],
			"faces": {
				"north": {"uv": [0, 0, 2, 10], "texture": "#0"},
				"east": {"uv": [0, 0, 2, 10], "texture": "#0"},
				"south": {"uv": [0, 0, 2, 10], "texture": "#0"},
				"west": {"uv": [0, 0, 2, 10], "texture": "#0"},
				"up": {"uv": [0, 0, 2, 2], "texture": "#0"},
				"down": {"uv": [0, 0, 2, 2], "texture": "#0"}
			}
		},
		{
			"from": [5, 5.25, 1],
			"to": [7, 8.25, 3],
			"rotation": {"angle": 45, "axis": "z", "origin": [8, 7.25, 2]},
			"faces": {
				"north": {"uv": [0, 0, 2, 3], "rotation": 180, "texture": "#0"},
				"east": {"uv": [0, 0, 2, 3], "rotation": 270, "texture": "#0"},
				"south": {"uv": [0, 0, 2, 3], "texture": "#0"},
				"west": {"uv": [0, 0, 2, 3], "rotation": 90, "texture": "#0"},
				"up": {"uv": [0, 0, 2, 3], "rotation": 180, "texture": "#0"},
				"down": {"uv": [0, 0, 2, 3], "texture": "#0"}
			}
		},
		{
			"from": [9, 5.25, 1],
			"to": [11, 8.25, 3],
			"rotation": {"angle": -45, "axis": "z", "origin": [8, 7.25, 2]},
			"faces": {
				"north": {"uv": [0, 0, 2, 3], "rotation": 180, "texture": "#0"},
				"east": {"uv": [0, 0, 2, 3], "rotation": 270, "texture": "#0"},
				"south": {"uv": [0, 0, 2, 3], "texture": "#0"},
				"west": {"uv": [0, 0, 2, 3], "rotation": 90, "texture": "#0"},
				"up": {"uv": [0, 0, 2, 3], "rotation": 180, "texture": "#0"},
				"down": {"uv": [0, 0, 2, 3], "texture": "#0"}
			}
		},
		{
			"from": [9, -7.75, 1],
			"to": [11, -4.75, 3],
			"rotation": {"angle": 45, "axis": "z", "origin": [8, -6.75, 2]},
			"faces": {
				"north": {"uv": [0, 0, 2, 3], "rotation": 180, "texture": "#0"},
				"east": {"uv": [0, 0, 2, 3], "rotation": 270, "texture": "#0"},
				"south": {"uv": [0, 0, 2, 3], "texture": "#0"},
				"west": {"uv": [0, 0, 2, 3], "rotation": 90, "texture": "#0"},
				"up": {"uv": [0, 0, 2, 3], "rotation": 180, "texture": "#0"},
				"down": {"uv": [0, 0, 2, 3], "texture": "#0"}
			}
		},
		{
			"from": [5, -7.75, 1],
			"to": [7, -4.75, 3],
			"rotation": {"angle": -45, "axis": "z", "origin": [8, -6.75, 2]},
			"faces": {
				"north": {"uv": [0, 0, 2, 3], "rotation": 180, "texture": "#0"},
				"east": {"uv": [0, 0, 2, 3], "rotation": 270, "texture": "#0"},
				"south": {"uv": [0, 0, 2, 3], "texture": "#0"},
				"west": {"uv": [0, 0, 2, 3], "rotation": 90, "texture": "#0"},
				"up": {"uv": [0, 0, 2, 3], "rotation": 180, "texture": "#0"},
				"down": {"uv": [0, 0, 2, 3], "texture": "#0"}
			}
		},
		{
			"from": [7, -4.75, 13],
			"to": [9, 5.25, 15],
			"faces": {
				"north": {"uv": [0, 0, 2, 10], "texture": "#0"},
				"east": {"uv": [0, 0, 2, 10], "texture": "#0"},
				"south": {"uv": [0, 0, 2, 10], "texture": "#0"},
				"west": {"uv": [0, 0, 2, 10], "texture": "#0"},
				"up": {"uv": [0, 0, 2, 2], "texture": "#0"},
				"down": {"uv": [0, 0, 2, 2], "texture": "#0"}
			}
		},
		{
			"from": [5, 5.25, 13],
			"to": [7, 8.25, 15],
			"rotation": {"angle": 45, "axis": "z", "origin": [8, 7.25, 14]},
			"faces": {
				"north": {"uv": [0, 0, 2, 3], "rotation": 180, "texture": "#0"},
				"east": {"uv": [0, 0, 2, 3], "rotation": 270, "texture": "#0"},
				"south": {"uv": [0, 0, 2, 3], "texture": "#0"},
				"west": {"uv": [0, 0, 2, 3], "rotation": 90, "texture": "#0"},
				"up": {"uv": [0, 0, 2, 3], "rotation": 180, "texture": "#0"},
				"down": {"uv": [0, 0, 2, 3], "texture": "#0"}
			}
		},
		{
			"from": [9, 5.25, 13],
			"to": [11, 8.25, 15],
			"rotation": {"angle": -45, "axis": "z", "origin": [8, 7.25, 14]},
			"faces": {
				"north": {"uv": [0, 0, 2, 3], "rotation": 180, "texture": "#0"},
				"east": {"uv": [0, 0, 2, 3], "rotation": 270, "texture": "#0"},
				"south": {"uv": [0, 0, 2, 3], "texture": "#0"},
				"west": {"uv": [0, 0, 2, 3], "rotation": 90, "texture": "#0"},
				"up": {"uv": [0, 0, 2, 3], "rotation": 180, "texture": "#0"},
				"down": {"uv": [0, 0, 2, 3], "texture": "#0"}
			}
		},
		{
			"from": [9, -7.75, 13],
			"to": [11, -4.75, 15],
			"rotation": {"angle": 45, "axis": "z", "origin": [8, -6.75, 14]},
			"faces": {
				"north": {"uv": [0, 0, 2, 3], "rotation": 180, "texture": "#0"},
				"east": {"uv": [0, 0, 2, 3], "rotation": 270, "texture": "#0"},
				"south": {"uv": [0, 0, 2, 3], "texture": "#0"},
				"west": {"uv": [0, 0, 2, 3], "rotation": 90, "texture": "#0"},
				"up": {"uv": [0, 0, 2, 3], "rotation": 180, "texture": "#0"},
				"down": {"uv": [0, 0, 2, 3], "texture": "#0"}
			}
		},
		{
			"from": [5, -7.75, 13],
			"to": [7, -4.75, 15],
			"rotation": {"angle": -45, "axis": "z", "origin": [8, -6.75, 14]},
			"faces": {
				"north": {"uv": [0, 0, 2, 3], "rotation": 180, "texture": "#0"},
				"east": {"uv": [0, 0, 2, 3], "rotation": 270, "texture": "#0"},
				"south": {"uv": [0, 0, 2, 3], "texture": "#0"},
				"west": {"uv": [0, 0, 2, 3], "rotation": 90, "texture": "#0"},
				"up": {"uv": [0, 0, 2, 3], "rotation": 180, "texture": "#0"},
				"down": {"uv": [0, 0, 2, 3], "texture": "#0"}
			}
		},
		{
			"from": [17.99333, -5.2919, -1.28807],
			"to": [19.99333, 4.7081, 0.71193],
			"rotation": {"angle": -22.5, "axis": "x", "origin": [18.99333, -0.23505, -0.28807]},
			"faces": {
				"north": {"uv": [0, 0, 2, 10], "texture": "#0"},
				"east": {"uv": [0, 0, 2, 10], "texture": "#0"},
				"south": {"uv": [0, 0, 2, 10], "texture": "#0"},
				"west": {"uv": [0, 0, 2, 10], "texture": "#0"},
				"up": {"uv": [0, 0, 2, 2], "texture": "#0"},
				"down": {"uv": [0, 0, 2, 2], "texture": "#0"}
			}
		},
		{
			"from": [17.99333, 2.775, -4.29812],
			"to": [19.99333, 5.775, -2.29812],
			"rotation": {"angle": 22.5, "axis": "x", "origin": [18.99333, -0.23505, -0.28807]},
			"faces": {
				"north": {"uv": [0, 0, 2, 3], "rotation": 270, "texture": "#0"},
				"east": {"uv": [0, 0, 2, 3], "texture": "#0"},
				"south": {"uv": [0, 0, 2, 3], "rotation": 90, "texture": "#0"},
				"west": {"uv": [0, 0, 2, 3], "rotation": 180, "texture": "#0"},
				"up": {"uv": [0, 0, 2, 3], "rotation": 90, "texture": "#0"},
				"down": {"uv": [0, 0, 2, 3], "rotation": 90, "texture": "#0"}
			}
		},
		{
			"from": [17.99333, 1.775, -6.29812],
			"to": [19.99333, 3.775, -3.29812],
			"rotation": {"angle": 22.5, "axis": "x", "origin": [18.99333, -0.23505, -0.28807]},
			"faces": {
				"north": {"uv": [0, 0, 2, 3], "rotation": 270, "texture": "#0"},
				"east": {"uv": [0, 0, 2, 3], "rotation": 90, "texture": "#0"},
				"south": {"uv": [0, 0, 2, 3], "rotation": 90, "texture": "#0"},
				"west": {"uv": [0, 0, 2, 3], "rotation": 90, "texture": "#0"},
				"up": {"uv": [0, 0, 2, 3], "rotation": 90, "texture": "#0"},
				"down": {"uv": [0, 0, 2, 3], "rotation": 90, "texture": "#0"}
			}
		},
		{
			"from": [17.99333, -6.225, 1.70188],
			"to": [19.99333, -3.225, 3.70188],
			"rotation": {"angle": 22.5, "axis": "x", "origin": [18.99333, -0.23505, -0.28807]},
			"faces": {
				"north": {"uv": [0, 0, 2, 3], "rotation": 270, "texture": "#0"},
				"east": {"uv": [0, 0, 2, 3], "texture": "#0"},
				"south": {"uv": [0, 0, 2, 3], "rotation": 90, "texture": "#0"},
				"west": {"uv": [0, 0, 2, 3], "rotation": 180, "texture": "#0"},
				"up": {"uv": [0, 0, 2, 3], "rotation": 90, "texture": "#0"},
				"down": {"uv": [0, 0, 2, 3], "rotation": 90, "texture": "#0"}
			}
		},
		{
			"from": [17.99333, -4.225, 2.70188],
			"to": [19.99333, -2.225, 5.70188],
			"rotation": {"angle": 22.5, "axis": "x", "origin": [18.99333, -0.23505, -0.28807]},
			"faces": {
				"north": {"uv": [0, 0, 2, 3], "rotation": 270, "texture": "#0"},
				"east": {"uv": [0, 0, 2, 3], "rotation": 90, "texture": "#0"},
				"south": {"uv": [0, 0, 2, 3], "rotation": 90, "texture": "#0"},
				"west": {"uv": [0, 0, 2, 3], "rotation": 90, "texture": "#0"},
				"up": {"uv": [0, 0, 2, 3], "rotation": 90, "texture": "#0"},
				"down": {"uv": [0, 0, 2, 3], "rotation": 90, "texture": "#0"}
			}
		},
		{
			"from": [-4.25667, -5.2919, 15.46193],
			"to": [-2.25667, 4.7081, 17.46193],
			"rotation": {"angle": 22.5, "axis": "x", "origin": [-3.25667, -0.23505, 16.46193]},
			"faces": {
				"north": {"uv": [0, 0, 2, 10], "texture": "#0"},
				"east": {"uv": [0, 0, 2, 10], "texture": "#0"},
				"south": {"uv": [0, 0, 2, 10], "texture": "#0"},
				"west": {"uv": [0, 0, 2, 10], "texture": "#0"},
				"up": {"uv": [0, 0, 2, 2], "texture": "#0"},
				"down": {"uv": [0, 0, 2, 2], "texture": "#0"}
			}
		},
		{
			"from": [-4.25667, 1.775, 19.47198],
			"to": [-2.25667, 3.775, 22.47198],
			"rotation": {"angle": -22.5, "axis": "x", "origin": [-3.25667, -0.23505, 16.46193]},
			"faces": {
				"north": {"uv": [0, 0, 2, 3], "rotation": 270, "texture": "#0"},
				"east": {"uv": [0, 0, 2, 3], "rotation": 270, "texture": "#0"},
				"south": {"uv": [0, 0, 2, 3], "rotation": 90, "texture": "#0"},
				"west": {"uv": [0, 0, 2, 3], "rotation": 270, "texture": "#0"},
				"up": {"uv": [0, 0, 2, 3], "rotation": 90, "texture": "#0"},
				"down": {"uv": [0, 0, 2, 3], "rotation": 90, "texture": "#0"}
			}
		},
		{
			"from": [-4.25667, 2.775, 18.47198],
			"to": [-2.25667, 5.775, 20.47198],
			"rotation": {"angle": -22.5, "axis": "x", "origin": [-3.25667, -0.23505, 16.46193]},
			"faces": {
				"north": {"uv": [0, 0, 2, 3], "rotation": 270, "texture": "#0"},
				"east": {"uv": [0, 0, 2, 3], "texture": "#0"},
				"south": {"uv": [0, 0, 2, 3], "rotation": 90, "texture": "#0"},
				"west": {"uv": [0, 0, 2, 3], "rotation": 180, "texture": "#0"},
				"up": {"uv": [0, 0, 2, 3], "rotation": 90, "texture": "#0"},
				"down": {"uv": [0, 0, 2, 3], "rotation": 90, "texture": "#0"}
			}
		},
		{
			"from": [-4.25667, -4.225, 10.47198],
			"to": [-2.25667, -2.225, 13.47198],
			"rotation": {"angle": -22.5, "axis": "x", "origin": [-3.25667, -0.23505, 16.46193]},
			"faces": {
				"north": {"uv": [0, 0, 2, 3], "rotation": 270, "texture": "#0"},
				"east": {"uv": [0, 0, 2, 3], "rotation": 270, "texture": "#0"},
				"south": {"uv": [0, 0, 2, 3], "rotation": 90, "texture": "#0"},
				"west": {"uv": [0, 0, 2, 3], "rotation": 270, "texture": "#0"},
				"up": {"uv": [0, 0, 2, 3], "rotation": 90, "texture": "#0"},
				"down": {"uv": [0, 0, 2, 3], "rotation": 90, "texture": "#0"}
			}
		},
		{
			"from": [-4.25667, -6.225, 12.47198],
			"to": [-2.25667, -3.225, 14.47198],
			"rotation": {"angle": -22.5, "axis": "x", "origin": [-3.25667, -0.23505, 16.46193]},
			"faces": {
				"north": {"uv": [0, 0, 2, 3], "rotation": 270, "texture": "#0"},
				"east": {"uv": [0, 0, 2, 3], "texture": "#0"},
				"south": {"uv": [0, 0, 2, 3], "rotation": 90, "texture": "#0"},
				"west": {"uv": [0, 0, 2, 3], "rotation": 180, "texture": "#0"},
				"up": {"uv": [0, 0, 2, 3], "rotation": 90, "texture": "#0"},
				"down": {"uv": [0, 0, 2, 3], "rotation": 90, "texture": "#0"}
			}
		},
		{
			"from": [-4.25667, -5.2919, -1.28807],
			"to": [-2.25667, 4.7081, 0.71193],
			"rotation": {"angle": -22.5, "axis": "x", "origin": [-3.25667, -0.23505, -0.28807]},
			"faces": {
				"north": {"uv": [0, 0, 2, 10], "texture": "#0"},
				"east": {"uv": [0, 0, 2, 10], "texture": "#0"},
				"south": {"uv": [0, 0, 2, 10], "texture": "#0"},
				"west": {"uv": [0, 0, 2, 10], "texture": "#0"},
				"up": {"uv": [0, 0, 2, 2], "texture": "#0"},
				"down": {"uv": [0, 0, 2, 2], "texture": "#0"}
			}
		},
		{
			"from": [-4.25667, 2.775, -4.29812],
			"to": [-2.25667, 5.775, -2.29812],
			"rotation": {"angle": 22.5, "axis": "x", "origin": [-3.25667, -0.23505, -0.28807]},
			"faces": {
				"north": {"uv": [0, 0, 2, 3], "rotation": 270, "texture": "#0"},
				"east": {"uv": [0, 0, 2, 3], "texture": "#0"},
				"south": {"uv": [0, 0, 2, 3], "rotation": 90, "texture": "#0"},
				"west": {"uv": [0, 0, 2, 3], "rotation": 180, "texture": "#0"},
				"up": {"uv": [0, 0, 2, 3], "rotation": 90, "texture": "#0"},
				"down": {"uv": [0, 0, 2, 3], "rotation": 90, "texture": "#0"}
			}
		},
		{
			"from": [-4.25667, 1.775, -6.29812],
			"to": [-2.25667, 3.775, -3.29812],
			"rotation": {"angle": 22.5, "axis": "x", "origin": [-3.25667, -0.23505, -0.28807]},
			"faces": {
				"north": {"uv": [0, 0, 2, 3], "rotation": 270, "texture": "#0"},
				"east": {"uv": [0, 0, 2, 3], "rotation": 90, "texture": "#0"},
				"south": {"uv": [0, 0, 2, 3], "rotation": 90, "texture": "#0"},
				"west": {"uv": [0, 0, 2, 3], "rotation": 90, "texture": "#0"},
				"up": {"uv": [0, 0, 2, 3], "rotation": 90, "texture": "#0"},
				"down": {"uv": [0, 0, 2, 3], "rotation": 90, "texture": "#0"}
			}
		},
		{
			"from": [-4.25667, -6.225, 1.70188],
			"to": [-2.25667, -3.225, 3.70188],
			"rotation": {"angle": 22.5, "axis": "x", "origin": [-3.25667, -0.23505, -0.28807]},
			"faces": {
				"north": {"uv": [0, 0, 2, 3], "rotation": 270, "texture": "#0"},
				"east": {"uv": [0, 0, 2, 3], "texture": "#0"},
				"south": {"uv": [0, 0, 2, 3], "rotation": 90, "texture": "#0"},
				"west": {"uv": [0, 0, 2, 3], "rotation": 180, "texture": "#0"},
				"up": {"uv": [0, 0, 2, 3], "rotation": 90, "texture": "#0"},
				"down": {"uv": [0, 0, 2, 3], "rotation": 90, "texture": "#0"}
			}
		},
		{
			"from": [-4.25667, -4.225, 2.70188],
			"to": [-2.25667, -2.225, 5.70188],
			"rotation": {"angle": 22.5, "axis": "x", "origin": [-3.25667, -0.23505, -0.28807]},
			"faces": {
				"north": {"uv": [0, 0, 2, 3], "rotation": 270, "texture": "#0"},
				"east": {"uv": [0, 0, 2, 3], "rotation": 90, "texture": "#0"},
				"south": {"uv": [0, 0, 2, 3], "rotation": 90, "texture": "#0"},
				"west": {"uv": [0, 0, 2, 3], "rotation": 90, "texture": "#0"},
				"up": {"uv": [0, 0, 2, 3], "rotation": 90, "texture": "#0"},
				"down": {"uv": [0, 0, 2, 3], "rotation": 90, "texture": "#0"}
			}
		}
	],
	"display": {
		"thirdperson_righthand": {
			"rotation": [-13, 0, 0],
			"translation": [0, 5.75, 0.75],
			"scale": [0.3, 0.3, 0.3]
		},
		"thirdperson_lefthand": {
			"rotation": [-13, 0, 0],
			"translation": [0, 5.75, 0.75],
			"scale": [0.3, 0.3, 0.3]
		},
		"firstperson_righthand": {
			"rotation": [21, 29, 0],
			"translation": [0, 5.5, 2],
			"scale": [0.4, 0.4, 0.4]
		},
		"firstperson_lefthand": {
			"rotation": [21, 29, 0],
			"translation": [0, 5.5, 2],
			"scale": [0.4, 0.4, 0.4]
		},
		"ground": {
			"translation": [0, 1.25, 0],
			"scale": [0.76, 0.76, 0.76]
		},
		"gui": {
			"rotation": [42, -54, 0],
			"translation": [0, 2.5, 0],
			"scale": [0.4, 0.4, 0.4]
		},
		"head": {
			"rotation": [0, 90, 0],
			"translation": [0, -42, 0],
			"scale": [3, 3, 3]
		},
		"fixed": {
			"rotation": [90, 90, 0],
			"translation": [0, 0, 6],
			"scale": [0.64, 0.64, 0.64]
		}
	},
	"groups": [
		{
			"name": "bone",
			"children": [0, 1, 2, 3, 4]
		},
		{
			"name": "bone5",
			"children": [5, 6, 7, 8, 9]
		},
		{
			"name": "group",
			"children": [10, 11, 12, 13, 14]
		},
		{
			"name": "group3",
			"children": [15, 16, 17, 18, 19]
		},
		{
			"name": "bone2",
			"children": [20, 21, 22, 23, 24]
		},
		{
			"name": "bone3",
			"children": [25, 26, 27, 28, 29]
		},
		{
			"name": "bone4",
			"children": [30, 31, 32, 33, 34]
		},
		{
			"name": "group",
			"children": [35, 36, 37, 38, 39]
		},
		{
			"name": "bone6",
			"children": [40, 41, 42, 43, 44]
		},
		{
			"name": "group2",
			"children": [45, 46, 47, 48, 49]
		}
	]
}