{
	"credit": "Made with Blockbench",
	"textures": {
		"0": "move/vine",
		"particle": "move/vine"
	},
	"elements": [
		{
			"from": [11.75, -5.5, 7.75],
			"to": [14.75, -2.5, 19.75],
			"rotation": {"angle": -22.5, "axis": "x", "origin": [5, 0, 2]},
			"faces": {
				"north": {"uv": [0, 0, 3, 3], "texture": "#0"},
				"east": {"uv": [0, 0, 12, 3], "texture": "#0"},
				"south": {"uv": [0, 0, 3, 3], "texture": "#0"},
				"west": {"uv": [0, 0, 12, 3], "texture": "#0"},
				"up": {"uv": [0, 0, 3, 12], "texture": "#0"},
				"down": {"uv": [0, 0, 3, 12], "texture": "#0"}
			}
		},
		{
			"from": [10.75, -4.5, 13.75],
			"to": [11.75, -3.5, 14.75],
			"rotation": {"angle": -22.5, "axis": "x", "origin": [5, 0, 2]},
			"faces": {
				"north": {"uv": [15, 15, 16, 16], "texture": "#0"},
				"east": {"uv": [14, 15, 16, 16], "texture": "#0"},
				"south": {"uv": [15, 15, 16, 16], "texture": "#0"},
				"west": {"uv": [14, 15, 16, 16], "texture": "#0"},
				"up": {"uv": [14, 15, 16, 16], "rotation": 90, "texture": "#0"},
				"down": {"uv": [14, 15, 16, 16], "rotation": 270, "texture": "#0"}
			}
		},
		{
			"from": [12.75, -6.5, 10.75],
			"to": [13.75, -5.5, 11.75],
			"rotation": {"angle": -22.5, "axis": "x", "origin": [5, 0, 2]},
			"faces": {
				"north": {"uv": [15, 15, 16, 16], "texture": "#0"},
				"east": {"uv": [14, 15, 16, 16], "texture": "#0"},
				"south": {"uv": [15, 15, 16, 16], "texture": "#0"},
				"west": {"uv": [14, 15, 16, 16], "texture": "#0"},
				"up": {"uv": [14, 15, 16, 16], "rotation": 90, "texture": "#0"},
				"down": {"uv": [14, 15, 16, 16], "rotation": 270, "texture": "#0"}
			}
		},
		{
			"from": [14.75, -4.5, 8.75],
			"to": [15.75, -3.5, 9.75],
			"rotation": {"angle": -22.5, "axis": "x", "origin": [5, 0, 2]},
			"faces": {
				"north": {"uv": [15, 15, 16, 16], "texture": "#0"},
				"east": {"uv": [14, 15, 16, 16], "texture": "#0"},
				"south": {"uv": [15, 15, 16, 16], "texture": "#0"},
				"west": {"uv": [14, 15, 16, 16], "texture": "#0"},
				"up": {"uv": [14, 15, 16, 16], "rotation": 90, "texture": "#0"},
				"down": {"uv": [14, 15, 16, 16], "rotation": 270, "texture": "#0"}
			}
		},
		{
			"from": [12.75, -2.5, 16.75],
			"to": [13.75, -1.5, 17.75],
			"rotation": {"angle": -22.5, "axis": "x", "origin": [5, 0, 2]},
			"faces": {
				"north": {"uv": [15, 15, 16, 16], "texture": "#0"},
				"east": {"uv": [14, 15, 16, 16], "texture": "#0"},
				"south": {"uv": [15, 15, 16, 16], "texture": "#0"},
				"west": {"uv": [14, 15, 16, 16], "texture": "#0"},
				"up": {"uv": [14, 15, 16, 16], "rotation": 90, "texture": "#0"},
				"down": {"uv": [14, 15, 16, 16], "rotation": 270, "texture": "#0"}
			}
		},
		{
			"from": [14.75, -4.5, 13.75],
			"to": [15.75, -3.5, 14.75],
			"rotation": {"angle": -22.5, "axis": "x", "origin": [5, 0, 2]},
			"faces": {
				"north": {"uv": [15, 15, 16, 16], "texture": "#0"},
				"east": {"uv": [14, 15, 16, 16], "texture": "#0"},
				"south": {"uv": [15, 15, 16, 16], "texture": "#0"},
				"west": {"uv": [14, 15, 16, 16], "texture": "#0"},
				"up": {"uv": [14, 15, 16, 16], "rotation": 90, "texture": "#0"},
				"down": {"uv": [14, 15, 16, 16], "rotation": 270, "texture": "#0"}
			}
		},
		{
			"from": [9, 8.75, 2.5],
			"to": [10, 9.75, 3.5],
			"rotation": {"angle": -45, "axis": "y", "origin": [5, 0, 2]},
			"faces": {
				"north": {"uv": [15, 15, 16, 16], "texture": "#0"},
				"east": {"uv": [14, 15, 16, 16], "texture": "#0"},
				"south": {"uv": [15, 15, 16, 16], "texture": "#0"},
				"west": {"uv": [14, 15, 16, 16], "texture": "#0"},
				"up": {"uv": [14, 15, 16, 16], "rotation": 90, "texture": "#0"},
				"down": {"uv": [14, 15, 16, 16], "rotation": 270, "texture": "#0"}
			}
		},
		{
			"from": [13, 8.75, -2.5],
			"to": [14, 9.75, -1.5],
			"rotation": {"angle": -45, "axis": "y", "origin": [5, 0, 2]},
			"faces": {
				"north": {"uv": [15, 15, 16, 16], "texture": "#0"},
				"east": {"uv": [14, 15, 16, 16], "texture": "#0"},
				"south": {"uv": [15, 15, 16, 16], "texture": "#0"},
				"west": {"uv": [14, 15, 16, 16], "texture": "#0"},
				"up": {"uv": [14, 15, 16, 16], "rotation": 90, "texture": "#0"},
				"down": {"uv": [14, 15, 16, 16], "rotation": 270, "texture": "#0"}
			}
		},
		{
			"from": [11, 6.75, -4.5],
			"to": [12, 7.75, -3.5],
			"rotation": {"angle": -45, "axis": "y", "origin": [5, 0, 2]},
			"faces": {
				"north": {"uv": [15, 15, 16, 16], "texture": "#0"},
				"east": {"uv": [14, 15, 16, 16], "texture": "#0"},
				"south": {"uv": [15, 15, 16, 16], "texture": "#0"},
				"west": {"uv": [14, 15, 16, 16], "texture": "#0"},
				"up": {"uv": [14, 15, 16, 16], "rotation": 90, "texture": "#0"},
				"down": {"uv": [14, 15, 16, 16], "rotation": 270, "texture": "#0"}
			}
		},
		{
			"from": [11, 10.75, -6.5],
			"to": [12, 11.75, -5.5],
			"rotation": {"angle": -45, "axis": "y", "origin": [5, 0, 2]},
			"faces": {
				"north": {"uv": [15, 15, 16, 16], "texture": "#0"},
				"east": {"uv": [14, 15, 16, 16], "texture": "#0"},
				"south": {"uv": [15, 15, 16, 16], "texture": "#0"},
				"west": {"uv": [14, 15, 16, 16], "texture": "#0"},
				"up": {"uv": [14, 15, 16, 16], "rotation": 90, "texture": "#0"},
				"down": {"uv": [14, 15, 16, 16], "rotation": 270, "texture": "#0"}
			}
		},
		{
			"from": [11, 6.75, -0.5],
			"to": [12, 7.75, 0.5],
			"rotation": {"angle": -45, "axis": "y", "origin": [5, 0, 2]},
			"faces": {
				"north": {"uv": [15, 15, 16, 16], "texture": "#0"},
				"east": {"uv": [14, 15, 16, 16], "texture": "#0"},
				"south": {"uv": [15, 15, 16, 16], "texture": "#0"},
				"west": {"uv": [14, 15, 16, 16], "texture": "#0"},
				"up": {"uv": [14, 15, 16, 16], "rotation": 90, "texture": "#0"},
				"down": {"uv": [14, 15, 16, 16], "rotation": 270, "texture": "#0"}
			}
		},
		{
			"from": [9, 8.75, -5.5],
			"to": [10, 9.75, -4.5],
			"rotation": {"angle": -45, "axis": "y", "origin": [5, 0, 2]},
			"faces": {
				"north": {"uv": [15, 15, 16, 16], "texture": "#0"},
				"east": {"uv": [14, 15, 16, 16], "texture": "#0"},
				"south": {"uv": [15, 15, 16, 16], "texture": "#0"},
				"west": {"uv": [14, 15, 16, 16], "texture": "#0"},
				"up": {"uv": [14, 15, 16, 16], "rotation": 90, "texture": "#0"},
				"down": {"uv": [14, 15, 16, 16], "rotation": 270, "texture": "#0"}
			}
		},
		{
			"from": [10, 7.75, -7.5],
			"to": [13, 10.75, 4.5],
			"rotation": {"angle": -45, "axis": "y", "origin": [5, 0, 2]},
			"faces": {
				"north": {"uv": [0, 0, 3, 3], "texture": "#0"},
				"east": {"uv": [0, 0, 12, 3], "texture": "#0"},
				"south": {"uv": [0, 0, 3, 3], "texture": "#0"},
				"west": {"uv": [0, 0, 12, 3], "texture": "#0"},
				"up": {"uv": [0, 0, 3, 12], "texture": "#0"},
				"down": {"uv": [0, 0, 3, 12], "texture": "#0"}
			}
		},
		{
			"from": [9, 8.75, 2.5],
			"to": [10, 9.75, 3.5],
			"rotation": {"angle": -45, "axis": "y", "origin": [5, 0, 2]},
			"faces": {
				"north": {"uv": [15, 15, 16, 16], "texture": "#0"},
				"east": {"uv": [14, 15, 16, 16], "texture": "#0"},
				"south": {"uv": [15, 15, 16, 16], "texture": "#0"},
				"west": {"uv": [14, 15, 16, 16], "texture": "#0"},
				"up": {"uv": [14, 15, 16, 16], "rotation": 90, "texture": "#0"},
				"down": {"uv": [14, 15, 16, 16], "rotation": 270, "texture": "#0"}
			}
		},
		{
			"from": [13, 8.75, -2.5],
			"to": [14, 9.75, -1.5],
			"rotation": {"angle": -45, "axis": "y", "origin": [5, 0, 2]},
			"faces": {
				"north": {"uv": [15, 15, 16, 16], "texture": "#0"},
				"east": {"uv": [14, 15, 16, 16], "texture": "#0"},
				"south": {"uv": [15, 15, 16, 16], "texture": "#0"},
				"west": {"uv": [14, 15, 16, 16], "texture": "#0"},
				"up": {"uv": [14, 15, 16, 16], "rotation": 90, "texture": "#0"},
				"down": {"uv": [14, 15, 16, 16], "rotation": 270, "texture": "#0"}
			}
		},
		{
			"from": [11, 6.75, -4.5],
			"to": [12, 7.75, -3.5],
			"rotation": {"angle": -45, "axis": "y", "origin": [5, 0, 2]},
			"faces": {
				"north": {"uv": [15, 15, 16, 16], "texture": "#0"},
				"east": {"uv": [14, 15, 16, 16], "texture": "#0"},
				"south": {"uv": [15, 15, 16, 16], "texture": "#0"},
				"west": {"uv": [14, 15, 16, 16], "texture": "#0"},
				"up": {"uv": [14, 15, 16, 16], "rotation": 90, "texture": "#0"},
				"down": {"uv": [14, 15, 16, 16], "rotation": 270, "texture": "#0"}
			}
		},
		{
			"from": [11, 6.75, -0.5],
			"to": [12, 7.75, 0.5],
			"rotation": {"angle": -45, "axis": "y", "origin": [5, 0, 2]},
			"faces": {
				"north": {"uv": [15, 15, 16, 16], "texture": "#0"},
				"east": {"uv": [14, 15, 16, 16], "texture": "#0"},
				"south": {"uv": [15, 15, 16, 16], "texture": "#0"},
				"west": {"uv": [14, 15, 16, 16], "texture": "#0"},
				"up": {"uv": [14, 15, 16, 16], "rotation": 90, "texture": "#0"},
				"down": {"uv": [14, 15, 16, 16], "rotation": 270, "texture": "#0"}
			}
		},
		{
			"from": [11, 10.75, 0.5],
			"to": [12, 11.75, 1.5],
			"rotation": {"angle": -45, "axis": "y", "origin": [5, 0, 2]},
			"faces": {
				"north": {"uv": [15, 15, 16, 16], "texture": "#0"},
				"east": {"uv": [14, 15, 16, 16], "texture": "#0"},
				"south": {"uv": [15, 15, 16, 16], "texture": "#0"},
				"west": {"uv": [14, 15, 16, 16], "texture": "#0"},
				"up": {"uv": [14, 15, 16, 16], "rotation": 90, "texture": "#0"},
				"down": {"uv": [14, 15, 16, 16], "rotation": 270, "texture": "#0"}
			}
		},
		{
			"from": [9, 8.75, -5.5],
			"to": [10, 9.75, -4.5],
			"rotation": {"angle": -45, "axis": "y", "origin": [5, 0, 2]},
			"faces": {
				"north": {"uv": [15, 15, 16, 16], "texture": "#0"},
				"east": {"uv": [14, 15, 16, 16], "texture": "#0"},
				"south": {"uv": [15, 15, 16, 16], "texture": "#0"},
				"west": {"uv": [14, 15, 16, 16], "texture": "#0"},
				"up": {"uv": [14, 15, 16, 16], "rotation": 90, "texture": "#0"},
				"down": {"uv": [14, 15, 16, 16], "rotation": 270, "texture": "#0"}
			}
		},
		{
			"from": [-2, 5.75, 2.5],
			"to": [-1, 6.75, 3.5],
			"rotation": {"angle": 45, "axis": "y", "origin": [5, 0, 2]},
			"faces": {
				"north": {"uv": [15, 15, 16, 16], "texture": "#0"},
				"east": {"uv": [14, 15, 16, 16], "texture": "#0"},
				"south": {"uv": [15, 15, 16, 16], "texture": "#0"},
				"west": {"uv": [14, 15, 16, 16], "texture": "#0"},
				"up": {"uv": [14, 15, 16, 16], "rotation": 90, "texture": "#0"},
				"down": {"uv": [14, 15, 16, 16], "rotation": 270, "texture": "#0"}
			}
		},
		{
			"from": [-5, 4.75, -6.5],
			"to": [-2, 7.75, 5.5],
			"rotation": {"angle": 45, "axis": "y", "origin": [5, 0, 2]},
			"faces": {
				"north": {"uv": [0, 0, 3, 3], "texture": "#0"},
				"east": {"uv": [0, 0, 12, 3], "texture": "#0"},
				"south": {"uv": [0, 0, 3, 3], "texture": "#0"},
				"west": {"uv": [0, 0, 12, 3], "texture": "#0"},
				"up": {"uv": [0, 0, 3, 12], "texture": "#0"},
				"down": {"uv": [0, 0, 3, 12], "texture": "#0"}
			}
		},
		{
			"from": [-6, 5.75, 3.5],
			"to": [-5, 6.75, 4.5],
			"rotation": {"angle": 45, "axis": "y", "origin": [5, 0, 2]},
			"faces": {
				"north": {"uv": [15, 15, 16, 16], "texture": "#0"},
				"east": {"uv": [14, 15, 16, 16], "texture": "#0"},
				"south": {"uv": [15, 15, 16, 16], "texture": "#0"},
				"west": {"uv": [14, 15, 16, 16], "texture": "#0"},
				"up": {"uv": [14, 15, 16, 16], "rotation": 90, "texture": "#0"},
				"down": {"uv": [14, 15, 16, 16], "rotation": 270, "texture": "#0"}
			}
		},
		{
			"from": [-2, 5.75, -5.5],
			"to": [-1, 6.75, -4.5],
			"rotation": {"angle": 45, "axis": "y", "origin": [5, 0, 2]},
			"faces": {
				"north": {"uv": [15, 15, 16, 16], "texture": "#0"},
				"east": {"uv": [14, 15, 16, 16], "texture": "#0"},
				"south": {"uv": [15, 15, 16, 16], "texture": "#0"},
				"west": {"uv": [14, 15, 16, 16], "texture": "#0"},
				"up": {"uv": [14, 15, 16, 16], "rotation": 90, "texture": "#0"},
				"down": {"uv": [14, 15, 16, 16], "rotation": 270, "texture": "#0"}
			}
		},
		{
			"from": [-4, 3.75, -3.5],
			"to": [-3, 4.75, -2.5],
			"rotation": {"angle": 45, "axis": "y", "origin": [5, 0, 2]},
			"faces": {
				"north": {"uv": [15, 15, 16, 16], "texture": "#0"},
				"east": {"uv": [14, 15, 16, 16], "texture": "#0"},
				"south": {"uv": [15, 15, 16, 16], "texture": "#0"},
				"west": {"uv": [14, 15, 16, 16], "texture": "#0"},
				"up": {"uv": [14, 15, 16, 16], "rotation": 90, "texture": "#0"},
				"down": {"uv": [14, 15, 16, 16], "rotation": 270, "texture": "#0"}
			}
		},
		{
			"from": [-4, 7.75, -0.5],
			"to": [-3, 8.75, 0.5],
			"rotation": {"angle": 45, "axis": "y", "origin": [5, 0, 2]},
			"faces": {
				"north": {"uv": [15, 15, 16, 16], "texture": "#0"},
				"east": {"uv": [14, 15, 16, 16], "texture": "#0"},
				"south": {"uv": [15, 15, 16, 16], "texture": "#0"},
				"west": {"uv": [14, 15, 16, 16], "texture": "#0"},
				"up": {"uv": [14, 15, 16, 16], "rotation": 90, "texture": "#0"},
				"down": {"uv": [14, 15, 16, 16], "rotation": 270, "texture": "#0"}
			}
		},
		{
			"from": [-2, 5.75, 2.5],
			"to": [-1, 6.75, 3.5],
			"rotation": {"angle": 45, "axis": "y", "origin": [5, 0, 2]},
			"faces": {
				"north": {"uv": [15, 15, 16, 16], "texture": "#0"},
				"east": {"uv": [14, 15, 16, 16], "texture": "#0"},
				"south": {"uv": [15, 15, 16, 16], "texture": "#0"},
				"west": {"uv": [14, 15, 16, 16], "texture": "#0"},
				"up": {"uv": [14, 15, 16, 16], "rotation": 90, "texture": "#0"},
				"down": {"uv": [14, 15, 16, 16], "rotation": 270, "texture": "#0"}
			}
		},
		{
			"from": [-6, 5.75, -3.5],
			"to": [-5, 6.75, -2.5],
			"rotation": {"angle": 45, "axis": "y", "origin": [5, 0, 2]},
			"faces": {
				"north": {"uv": [15, 15, 16, 16], "texture": "#0"},
				"east": {"uv": [14, 15, 16, 16], "texture": "#0"},
				"south": {"uv": [15, 15, 16, 16], "texture": "#0"},
				"west": {"uv": [14, 15, 16, 16], "texture": "#0"},
				"up": {"uv": [14, 15, 16, 16], "rotation": 90, "texture": "#0"},
				"down": {"uv": [14, 15, 16, 16], "rotation": 270, "texture": "#0"}
			}
		},
		{
			"from": [9.5, 1.75, 11.25],
			"to": [10.5, 2.75, 12.25],
			"rotation": {"angle": -22.5, "axis": "x", "origin": [4, 0, 2]},
			"faces": {
				"north": {"uv": [14, 15, 16, 16], "rotation": 90, "texture": "#0"},
				"east": {"uv": [14, 15, 16, 16], "rotation": 270, "texture": "#0"},
				"south": {"uv": [14, 15, 16, 16], "rotation": 90, "texture": "#0"},
				"west": {"uv": [14, 15, 16, 16], "rotation": 90, "texture": "#0"},
				"up": {"uv": [15, 15, 16, 16], "rotation": 180, "texture": "#0"},
				"down": {"uv": [15, 15, 16, 16], "texture": "#0"}
			}
		},
		{
			"from": [7.5, -1.25, 13.25],
			"to": [8.5, -0.25, 14.25],
			"rotation": {"angle": -22.5, "axis": "x", "origin": [4, 0, 2]},
			"faces": {
				"north": {"uv": [14, 15, 16, 16], "rotation": 90, "texture": "#0"},
				"east": {"uv": [14, 15, 16, 16], "rotation": 270, "texture": "#0"},
				"south": {"uv": [14, 15, 16, 16], "rotation": 90, "texture": "#0"},
				"west": {"uv": [14, 15, 16, 16], "rotation": 90, "texture": "#0"},
				"up": {"uv": [15, 15, 16, 16], "rotation": 180, "texture": "#0"},
				"down": {"uv": [15, 15, 16, 16], "texture": "#0"}
			}
		},
		{
			"from": [7.5, -0.25, 9.25],
			"to": [8.5, 0.75, 10.25],
			"rotation": {"angle": -22.5, "axis": "x", "origin": [4, 0, 2]},
			"faces": {
				"north": {"uv": [14, 15, 16, 16], "rotation": 90, "texture": "#0"},
				"east": {"uv": [14, 15, 16, 16], "rotation": 270, "texture": "#0"},
				"south": {"uv": [14, 15, 16, 16], "rotation": 90, "texture": "#0"},
				"west": {"uv": [14, 15, 16, 16], "rotation": 90, "texture": "#0"},
				"up": {"uv": [15, 15, 16, 16], "rotation": 180, "texture": "#0"},
				"down": {"uv": [15, 15, 16, 16], "texture": "#0"}
			}
		},
		{
			"from": [6.5, -4.25, 10.25],
			"to": [9.5, 7.75, 13.25],
			"rotation": {"angle": -22.5, "axis": "x", "origin": [4, 0, 2]},
			"faces": {
				"north": {"uv": [0, 0, 3, 12], "rotation": 180, "texture": "#0"},
				"east": {"uv": [0, 0, 12, 3], "rotation": 270, "texture": "#0"},
				"south": {"uv": [0, 0, 3, 12], "texture": "#0"},
				"west": {"uv": [0, 0, 12, 3], "rotation": 90, "texture": "#0"},
				"up": {"uv": [0, 0, 3, 3], "rotation": 180, "texture": "#0"},
				"down": {"uv": [0, 0, 3, 3], "texture": "#0"}
			}
		},
		{
			"from": [9.25, 10, 2],
			"to": [10.25, 11, 3],
			"rotation": {"angle": 22.5, "axis": "x", "origin": [4, 0, 2]},
			"faces": {
				"north": {"uv": [15, 15, 16, 16], "texture": "#0"},
				"east": {"uv": [14, 15, 16, 16], "texture": "#0"},
				"south": {"uv": [15, 15, 16, 16], "texture": "#0"},
				"west": {"uv": [14, 15, 16, 16], "texture": "#0"},
				"up": {"uv": [14, 15, 16, 16], "rotation": 90, "texture": "#0"},
				"down": {"uv": [14, 15, 16, 16], "rotation": 270, "texture": "#0"}
			}
		},
		{
			"from": [6.25, 9, -7],
			"to": [9.25, 12, 5],
			"rotation": {"angle": 22.5, "axis": "x", "origin": [4, 0, 2]},
			"faces": {
				"north": {"uv": [0, 0, 3, 3], "texture": "#0"},
				"east": {"uv": [0, 0, 12, 3], "texture": "#0"},
				"south": {"uv": [0, 0, 3, 3], "texture": "#0"},
				"west": {"uv": [0, 0, 12, 3], "texture": "#0"},
				"up": {"uv": [0, 0, 3, 12], "texture": "#0"},
				"down": {"uv": [0, 0, 3, 12], "texture": "#0"}
			}
		},
		{
			"from": [9.25, 10, 2],
			"to": [10.25, 11, 3],
			"rotation": {"angle": 22.5, "axis": "x", "origin": [4, 0, 2]},
			"faces": {
				"north": {"uv": [15, 15, 16, 16], "texture": "#0"},
				"east": {"uv": [14, 15, 16, 16], "texture": "#0"},
				"south": {"uv": [15, 15, 16, 16], "texture": "#0"},
				"west": {"uv": [14, 15, 16, 16], "texture": "#0"},
				"up": {"uv": [14, 15, 16, 16], "rotation": 90, "texture": "#0"},
				"down": {"uv": [14, 15, 16, 16], "rotation": 270, "texture": "#0"}
			}
		},
		{
			"from": [7.25, 12, 1],
			"to": [8.25, 13, 2],
			"rotation": {"angle": 22.5, "axis": "x", "origin": [4, 0, 2]},
			"faces": {
				"north": {"uv": [15, 15, 16, 16], "texture": "#0"},
				"east": {"uv": [14, 15, 16, 16], "texture": "#0"},
				"south": {"uv": [15, 15, 16, 16], "texture": "#0"},
				"west": {"uv": [14, 15, 16, 16], "texture": "#0"},
				"up": {"uv": [14, 15, 16, 16], "rotation": 90, "texture": "#0"},
				"down": {"uv": [14, 15, 16, 16], "rotation": 270, "texture": "#0"}
			}
		},
		{
			"from": [9.25, 10, -6],
			"to": [10.25, 11, -5],
			"rotation": {"angle": 22.5, "axis": "x", "origin": [4, 0, 2]},
			"faces": {
				"north": {"uv": [15, 15, 16, 16], "texture": "#0"},
				"east": {"uv": [14, 15, 16, 16], "texture": "#0"},
				"south": {"uv": [15, 15, 16, 16], "texture": "#0"},
				"west": {"uv": [14, 15, 16, 16], "texture": "#0"},
				"up": {"uv": [14, 15, 16, 16], "rotation": 90, "texture": "#0"},
				"down": {"uv": [14, 15, 16, 16], "rotation": 270, "texture": "#0"}
			}
		},
		{
			"from": [5.25, 10, -2],
			"to": [6.25, 11, -1],
			"rotation": {"angle": 22.5, "axis": "x", "origin": [4, 0, 2]},
			"faces": {
				"north": {"uv": [15, 15, 16, 16], "texture": "#0"},
				"east": {"uv": [14, 15, 16, 16], "texture": "#0"},
				"south": {"uv": [15, 15, 16, 16], "texture": "#0"},
				"west": {"uv": [14, 15, 16, 16], "texture": "#0"},
				"up": {"uv": [14, 15, 16, 16], "rotation": 90, "texture": "#0"},
				"down": {"uv": [14, 15, 16, 16], "rotation": 270, "texture": "#0"}
			}
		},
		{
			"from": [6.25, 9, -7],
			"to": [9.25, 12, 5],
			"rotation": {"angle": 22.5, "axis": "x", "origin": [4, 0, 2]},
			"faces": {
				"north": {"uv": [0, 0, 3, 3], "texture": "#0"},
				"east": {"uv": [0, 0, 12, 3], "texture": "#0"},
				"south": {"uv": [0, 0, 3, 3], "texture": "#0"},
				"west": {"uv": [0, 0, 12, 3], "texture": "#0"},
				"up": {"uv": [0, 0, 3, 12], "texture": "#0"},
				"down": {"uv": [0, 0, 3, 12], "texture": "#0"}
			}
		},
		{
			"from": [11.5, 1.25, -1.5],
			"to": [14.5, 4.25, 10.5],
			"rotation": {"angle": 22.5, "axis": "x", "origin": [5, 0, 2]},
			"faces": {
				"north": {"uv": [0, 0, 3, 3], "texture": "#0"},
				"east": {"uv": [0, 0, 12, 3], "texture": "#0"},
				"south": {"uv": [0, 0, 3, 3], "texture": "#0"},
				"west": {"uv": [0, 0, 12, 3], "texture": "#0"},
				"up": {"uv": [0, 0, 3, 12], "texture": "#0"},
				"down": {"uv": [0, 0, 3, 12], "texture": "#0"}
			}
		},
		{
			"from": [10.5, 2.25, 8.5],
			"to": [11.5, 3.25, 9.5],
			"rotation": {"angle": 22.5, "axis": "x", "origin": [5, 0, 2]},
			"faces": {
				"north": {"uv": [15, 15, 16, 16], "texture": "#0"},
				"east": {"uv": [14, 15, 16, 16], "texture": "#0"},
				"south": {"uv": [15, 15, 16, 16], "texture": "#0"},
				"west": {"uv": [14, 15, 16, 16], "texture": "#0"},
				"up": {"uv": [14, 15, 16, 16], "rotation": 90, "texture": "#0"},
				"down": {"uv": [14, 15, 16, 16], "rotation": 270, "texture": "#0"}
			}
		},
		{
			"from": [14.5, 2.25, 3.5],
			"to": [15.5, 3.25, 4.5],
			"rotation": {"angle": 22.5, "axis": "x", "origin": [5, 0, 2]},
			"faces": {
				"north": {"uv": [15, 15, 16, 16], "texture": "#0"},
				"east": {"uv": [14, 15, 16, 16], "texture": "#0"},
				"south": {"uv": [15, 15, 16, 16], "texture": "#0"},
				"west": {"uv": [14, 15, 16, 16], "texture": "#0"},
				"up": {"uv": [14, 15, 16, 16], "rotation": 90, "texture": "#0"},
				"down": {"uv": [14, 15, 16, 16], "rotation": 270, "texture": "#0"}
			}
		},
		{
			"from": [12.5, 0.25, 1.5],
			"to": [13.5, 1.25, 2.5],
			"rotation": {"angle": 22.5, "axis": "x", "origin": [5, 0, 2]},
			"faces": {
				"north": {"uv": [15, 15, 16, 16], "texture": "#0"},
				"east": {"uv": [14, 15, 16, 16], "texture": "#0"},
				"south": {"uv": [15, 15, 16, 16], "texture": "#0"},
				"west": {"uv": [14, 15, 16, 16], "texture": "#0"},
				"up": {"uv": [14, 15, 16, 16], "rotation": 90, "texture": "#0"},
				"down": {"uv": [14, 15, 16, 16], "rotation": 270, "texture": "#0"}
			}
		},
		{
			"from": [12.5, 4.25, 6.5],
			"to": [13.5, 5.25, 7.5],
			"rotation": {"angle": 22.5, "axis": "x", "origin": [5, 0, 2]},
			"faces": {
				"north": {"uv": [15, 15, 16, 16], "texture": "#0"},
				"east": {"uv": [14, 15, 16, 16], "texture": "#0"},
				"south": {"uv": [15, 15, 16, 16], "texture": "#0"},
				"west": {"uv": [14, 15, 16, 16], "texture": "#0"},
				"up": {"uv": [14, 15, 16, 16], "rotation": 90, "texture": "#0"},
				"down": {"uv": [14, 15, 16, 16], "rotation": 270, "texture": "#0"}
			}
		},
		{
			"from": [0.5, -12.25, 11.25],
			"to": [3.5, -0.25, 14.25],
			"rotation": {"angle": -45, "axis": "x", "origin": [4, 0, 2]},
			"faces": {
				"north": {"uv": [0, 0, 3, 12], "rotation": 180, "texture": "#0"},
				"east": {"uv": [0, 0, 12, 3], "rotation": 270, "texture": "#0"},
				"south": {"uv": [0, 0, 3, 12], "texture": "#0"},
				"west": {"uv": [0, 0, 12, 3], "rotation": 90, "texture": "#0"},
				"up": {"uv": [0, 0, 3, 3], "rotation": 180, "texture": "#0"},
				"down": {"uv": [0, 0, 3, 3], "texture": "#0"}
			}
		},
		{
			"from": [-0.5, -11.25, 12.25],
			"to": [0.5, -10.25, 13.25],
			"rotation": {"angle": -45, "axis": "x", "origin": [4, 0, 2]},
			"faces": {
				"north": {"uv": [14, 15, 16, 16], "rotation": 90, "texture": "#0"},
				"east": {"uv": [14, 15, 16, 16], "rotation": 270, "texture": "#0"},
				"south": {"uv": [14, 15, 16, 16], "rotation": 90, "texture": "#0"},
				"west": {"uv": [14, 15, 16, 16], "rotation": 90, "texture": "#0"},
				"up": {"uv": [15, 15, 16, 16], "rotation": 180, "texture": "#0"},
				"down": {"uv": [15, 15, 16, 16], "texture": "#0"}
			}
		},
		{
			"from": [3.5, -9.25, 12.25],
			"to": [4.5, -8.25, 13.25],
			"rotation": {"angle": -45, "axis": "x", "origin": [4, 0, 2]},
			"faces": {
				"north": {"uv": [14, 15, 16, 16], "rotation": 90, "texture": "#0"},
				"east": {"uv": [14, 15, 16, 16], "rotation": 270, "texture": "#0"},
				"south": {"uv": [14, 15, 16, 16], "rotation": 90, "texture": "#0"},
				"west": {"uv": [14, 15, 16, 16], "rotation": 90, "texture": "#0"},
				"up": {"uv": [15, 15, 16, 16], "rotation": 180, "texture": "#0"},
				"down": {"uv": [15, 15, 16, 16], "texture": "#0"}
			}
		},
		{
			"from": [1.5, -5.25, 14.25],
			"to": [2.5, -4.25, 15.25],
			"rotation": {"angle": -45, "axis": "x", "origin": [4, 0, 2]},
			"faces": {
				"north": {"uv": [14, 15, 16, 16], "rotation": 90, "texture": "#0"},
				"east": {"uv": [14, 15, 16, 16], "rotation": 270, "texture": "#0"},
				"south": {"uv": [14, 15, 16, 16], "rotation": 90, "texture": "#0"},
				"west": {"uv": [14, 15, 16, 16], "rotation": 90, "texture": "#0"},
				"up": {"uv": [15, 15, 16, 16], "rotation": 180, "texture": "#0"},
				"down": {"uv": [15, 15, 16, 16], "texture": "#0"}
			}
		},
		{
			"from": [1.5, -8.25, 10.25],
			"to": [2.5, -7.25, 11.25],
			"rotation": {"angle": -45, "axis": "x", "origin": [4, 0, 2]},
			"faces": {
				"north": {"uv": [14, 15, 16, 16], "rotation": 90, "texture": "#0"},
				"east": {"uv": [14, 15, 16, 16], "rotation": 270, "texture": "#0"},
				"south": {"uv": [14, 15, 16, 16], "rotation": 90, "texture": "#0"},
				"west": {"uv": [14, 15, 16, 16], "rotation": 90, "texture": "#0"},
				"up": {"uv": [15, 15, 16, 16], "rotation": 180, "texture": "#0"},
				"down": {"uv": [15, 15, 16, 16], "texture": "#0"}
			}
		},
		{
			"from": [1.25, 8.5, 7],
			"to": [2.25, 9.5, 8],
			"faces": {
				"north": {"uv": [15, 15, 16, 16], "texture": "#0"},
				"east": {"uv": [14, 15, 16, 16], "texture": "#0"},
				"south": {"uv": [15, 15, 16, 16], "texture": "#0"},
				"west": {"uv": [14, 15, 16, 16], "texture": "#0"},
				"up": {"uv": [14, 15, 16, 16], "rotation": 90, "texture": "#0"},
				"down": {"uv": [14, 15, 16, 16], "rotation": 270, "texture": "#0"}
			}
		},
		{
			"from": [0.25, 5.5, -1],
			"to": [3.25, 8.5, 11],
			"faces": {
				"north": {"uv": [0, 0, 3, 3], "texture": "#0"},
				"east": {"uv": [0, 0, 12, 3], "texture": "#0"},
				"south": {"uv": [0, 0, 3, 3], "texture": "#0"},
				"west": {"uv": [0, 0, 12, 3], "texture": "#0"},
				"up": {"uv": [0, 0, 3, 12], "texture": "#0"},
				"down": {"uv": [0, 0, 3, 12], "texture": "#0"}
			}
		},
		{
			"from": [-0.75, 6.5, 1],
			"to": [0.25, 7.5, 2],
			"faces": {
				"north": {"uv": [15, 15, 16, 16], "texture": "#0"},
				"east": {"uv": [14, 15, 16, 16], "texture": "#0"},
				"south": {"uv": [15, 15, 16, 16], "texture": "#0"},
				"west": {"uv": [14, 15, 16, 16], "texture": "#0"},
				"up": {"uv": [14, 15, 16, 16], "rotation": 90, "texture": "#0"},
				"down": {"uv": [14, 15, 16, 16], "rotation": 270, "texture": "#0"}
			}
		},
		{
			"from": [1.25, 8.5, 7],
			"to": [2.25, 9.5, 8],
			"faces": {
				"north": {"uv": [15, 15, 16, 16], "texture": "#0"},
				"east": {"uv": [14, 15, 16, 16], "texture": "#0"},
				"south": {"uv": [15, 15, 16, 16], "texture": "#0"},
				"west": {"uv": [14, 15, 16, 16], "texture": "#0"},
				"up": {"uv": [14, 15, 16, 16], "rotation": 90, "texture": "#0"},
				"down": {"uv": [14, 15, 16, 16], "rotation": 270, "texture": "#0"}
			}
		},
		{
			"from": [1.25, 4.5, 6],
			"to": [2.25, 5.5, 7],
			"faces": {
				"north": {"uv": [15, 15, 16, 16], "texture": "#0"},
				"east": {"uv": [14, 15, 16, 16], "texture": "#0"},
				"south": {"uv": [15, 15, 16, 16], "texture": "#0"},
				"west": {"uv": [14, 15, 16, 16], "texture": "#0"},
				"up": {"uv": [14, 15, 16, 16], "rotation": 90, "texture": "#0"},
				"down": {"uv": [14, 15, 16, 16], "rotation": 270, "texture": "#0"}
			}
		},
		{
			"from": [1.25, 4.5, 2],
			"to": [2.25, 5.5, 3],
			"faces": {
				"north": {"uv": [15, 15, 16, 16], "texture": "#0"},
				"east": {"uv": [14, 15, 16, 16], "texture": "#0"},
				"south": {"uv": [15, 15, 16, 16], "texture": "#0"},
				"west": {"uv": [14, 15, 16, 16], "texture": "#0"},
				"up": {"uv": [14, 15, 16, 16], "rotation": 90, "texture": "#0"},
				"down": {"uv": [14, 15, 16, 16], "rotation": 270, "texture": "#0"}
			}
		},
		{
			"from": [3.25, 6.5, 4],
			"to": [4.25, 7.5, 5],
			"faces": {
				"north": {"uv": [15, 15, 16, 16], "texture": "#0"},
				"east": {"uv": [14, 15, 16, 16], "texture": "#0"},
				"south": {"uv": [15, 15, 16, 16], "texture": "#0"},
				"west": {"uv": [14, 15, 16, 16], "texture": "#0"},
				"up": {"uv": [14, 15, 16, 16], "rotation": 90, "texture": "#0"},
				"down": {"uv": [14, 15, 16, 16], "rotation": 270, "texture": "#0"}
			}
		},
		{
			"from": [-0.75, 6.5, 9],
			"to": [0.25, 7.5, 10],
			"faces": {
				"north": {"uv": [15, 15, 16, 16], "texture": "#0"},
				"east": {"uv": [14, 15, 16, 16], "texture": "#0"},
				"south": {"uv": [15, 15, 16, 16], "texture": "#0"},
				"west": {"uv": [14, 15, 16, 16], "texture": "#0"},
				"up": {"uv": [14, 15, 16, 16], "rotation": 90, "texture": "#0"},
				"down": {"uv": [14, 15, 16, 16], "rotation": 270, "texture": "#0"}
			}
		},
		{
			"from": [5.5, 1.25, -1.5],
			"to": [8.5, 4.25, 10.5],
			"rotation": {"angle": -22.5, "axis": "x", "origin": [5, 0, 2]},
			"faces": {
				"north": {"uv": [0, 0, 3, 3], "texture": "#0"},
				"east": {"uv": [0, 0, 12, 3], "texture": "#0"},
				"south": {"uv": [0, 0, 3, 3], "texture": "#0"},
				"west": {"uv": [0, 0, 12, 3], "texture": "#0"},
				"up": {"uv": [0, 0, 3, 12], "texture": "#0"},
				"down": {"uv": [0, 0, 3, 12], "texture": "#0"}
			}
		},
		{
			"from": [4.5, 2.25, 4.5],
			"to": [5.5, 3.25, 5.5],
			"rotation": {"angle": -22.5, "axis": "x", "origin": [5, 0, 2]},
			"faces": {
				"north": {"uv": [15, 15, 16, 16], "texture": "#0"},
				"east": {"uv": [14, 15, 16, 16], "texture": "#0"},
				"south": {"uv": [15, 15, 16, 16], "texture": "#0"},
				"west": {"uv": [14, 15, 16, 16], "texture": "#0"},
				"up": {"uv": [14, 15, 16, 16], "rotation": 90, "texture": "#0"},
				"down": {"uv": [14, 15, 16, 16], "rotation": 270, "texture": "#0"}
			}
		},
		{
			"from": [8.5, 2.25, -0.5],
			"to": [9.5, 3.25, 0.5],
			"rotation": {"angle": -22.5, "axis": "x", "origin": [5, 0, 2]},
			"faces": {
				"north": {"uv": [15, 15, 16, 16], "texture": "#0"},
				"east": {"uv": [14, 15, 16, 16], "texture": "#0"},
				"south": {"uv": [15, 15, 16, 16], "texture": "#0"},
				"west": {"uv": [14, 15, 16, 16], "texture": "#0"},
				"up": {"uv": [14, 15, 16, 16], "rotation": 90, "texture": "#0"},
				"down": {"uv": [14, 15, 16, 16], "rotation": 270, "texture": "#0"}
			}
		},
		{
			"from": [6.5, 4.25, 1.5],
			"to": [7.5, 5.25, 2.5],
			"rotation": {"angle": -22.5, "axis": "x", "origin": [5, 0, 2]},
			"faces": {
				"north": {"uv": [15, 15, 16, 16], "texture": "#0"},
				"east": {"uv": [14, 15, 16, 16], "texture": "#0"},
				"south": {"uv": [15, 15, 16, 16], "texture": "#0"},
				"west": {"uv": [14, 15, 16, 16], "texture": "#0"},
				"up": {"uv": [14, 15, 16, 16], "rotation": 90, "texture": "#0"},
				"down": {"uv": [14, 15, 16, 16], "rotation": 270, "texture": "#0"}
			}
		},
		{
			"from": [8.5, 2.25, 7.5],
			"to": [9.5, 3.25, 8.5],
			"rotation": {"angle": -22.5, "axis": "x", "origin": [5, 0, 2]},
			"faces": {
				"north": {"uv": [15, 15, 16, 16], "texture": "#0"},
				"east": {"uv": [14, 15, 16, 16], "texture": "#0"},
				"south": {"uv": [15, 15, 16, 16], "texture": "#0"},
				"west": {"uv": [14, 15, 16, 16], "texture": "#0"},
				"up": {"uv": [14, 15, 16, 16], "rotation": 90, "texture": "#0"},
				"down": {"uv": [14, 15, 16, 16], "rotation": 270, "texture": "#0"}
			}
		},
		{
			"from": [11.75, 2.5, -9.25],
			"to": [14.75, 5.5, 2.75],
			"rotation": {"angle": -22.5, "axis": "x", "origin": [5, 0, 2]},
			"faces": {
				"north": {"uv": [0, 0, 3, 3], "texture": "#0"},
				"east": {"uv": [0, 0, 12, 3], "texture": "#0"},
				"south": {"uv": [0, 0, 3, 3], "texture": "#0"},
				"west": {"uv": [0, 0, 12, 3], "texture": "#0"},
				"up": {"uv": [0, 0, 3, 12], "texture": "#0"},
				"down": {"uv": [0, 0, 3, 12], "texture": "#0"}
			}
		},
		{
			"from": [10.75, 3.5, 0.75],
			"to": [11.75, 4.5, 1.75],
			"rotation": {"angle": -22.5, "axis": "x", "origin": [5, 0, 2]},
			"faces": {
				"north": {"uv": [15, 15, 16, 16], "texture": "#0"},
				"east": {"uv": [14, 15, 16, 16], "texture": "#0"},
				"south": {"uv": [15, 15, 16, 16], "texture": "#0"},
				"west": {"uv": [14, 15, 16, 16], "texture": "#0"},
				"up": {"uv": [14, 15, 16, 16], "rotation": 90, "texture": "#0"},
				"down": {"uv": [14, 15, 16, 16], "rotation": 270, "texture": "#0"}
			}
		},
		{
			"from": [12.75, 1.5, -6.25],
			"to": [13.75, 2.5, -5.25],
			"rotation": {"angle": -22.5, "axis": "x", "origin": [5, 0, 2]},
			"faces": {
				"north": {"uv": [15, 15, 16, 16], "texture": "#0"},
				"east": {"uv": [14, 15, 16, 16], "texture": "#0"},
				"south": {"uv": [15, 15, 16, 16], "texture": "#0"},
				"west": {"uv": [14, 15, 16, 16], "texture": "#0"},
				"up": {"uv": [14, 15, 16, 16], "rotation": 90, "texture": "#0"},
				"down": {"uv": [14, 15, 16, 16], "rotation": 270, "texture": "#0"}
			}
		},
		{
			"from": [14.75, 3.5, -4.25],
			"to": [15.75, 4.5, -3.25],
			"rotation": {"angle": -22.5, "axis": "x", "origin": [5, 0, 2]},
			"faces": {
				"north": {"uv": [15, 15, 16, 16], "texture": "#0"},
				"east": {"uv": [14, 15, 16, 16], "texture": "#0"},
				"south": {"uv": [15, 15, 16, 16], "texture": "#0"},
				"west": {"uv": [14, 15, 16, 16], "texture": "#0"},
				"up": {"uv": [14, 15, 16, 16], "rotation": 90, "texture": "#0"},
				"down": {"uv": [14, 15, 16, 16], "rotation": 270, "texture": "#0"}
			}
		},
		{
			"from": [12.75, 5.5, -8.25],
			"to": [13.75, 6.5, -7.25],
			"rotation": {"angle": -22.5, "axis": "x", "origin": [5, 0, 2]},
			"faces": {
				"north": {"uv": [15, 15, 16, 16], "texture": "#0"},
				"east": {"uv": [14, 15, 16, 16], "texture": "#0"},
				"south": {"uv": [15, 15, 16, 16], "texture": "#0"},
				"west": {"uv": [14, 15, 16, 16], "texture": "#0"},
				"up": {"uv": [14, 15, 16, 16], "rotation": 90, "texture": "#0"},
				"down": {"uv": [14, 15, 16, 16], "rotation": 270, "texture": "#0"}
			}
		},
		{
			"from": [12.75, 5.5, -0.25],
			"to": [13.75, 6.5, 0.75],
			"rotation": {"angle": -22.5, "axis": "x", "origin": [5, 0, 2]},
			"faces": {
				"north": {"uv": [15, 15, 16, 16], "texture": "#0"},
				"east": {"uv": [14, 15, 16, 16], "texture": "#0"},
				"south": {"uv": [15, 15, 16, 16], "texture": "#0"},
				"west": {"uv": [14, 15, 16, 16], "texture": "#0"},
				"up": {"uv": [14, 15, 16, 16], "rotation": 90, "texture": "#0"},
				"down": {"uv": [14, 15, 16, 16], "rotation": 270, "texture": "#0"}
			}
		},
		{
			"from": [10.75, 3.5, -4.25],
			"to": [11.75, 4.5, -3.25],
			"rotation": {"angle": -22.5, "axis": "x", "origin": [5, 0, 2]},
			"faces": {
				"north": {"uv": [15, 15, 16, 16], "texture": "#0"},
				"east": {"uv": [14, 15, 16, 16], "texture": "#0"},
				"south": {"uv": [15, 15, 16, 16], "texture": "#0"},
				"west": {"uv": [14, 15, 16, 16], "texture": "#0"},
				"up": {"uv": [14, 15, 16, 16], "rotation": 90, "texture": "#0"},
				"down": {"uv": [14, 15, 16, 16], "rotation": 270, "texture": "#0"}
			}
		}
	],
	"display": {
		"thirdperson_righthand": {
			"translation": [0.25, -0.25, 0],
			"scale": [0.36, 0.36, 0.36]
		},
		"thirdperson_lefthand": {
			"translation": [0, 6, 0],
			"scale": [0.69, 0.69, 0.69]
		},
		"firstperson_righthand": {
			"translation": [0, 11.75, 0],
			"scale": [1.58, 1.58, 1.58]
		},
		"firstperson_lefthand": {
			"translation": [0, 11.75, 0],
			"scale": [1.58, 1.58, 1.58]
		},
		"ground": {
			"translation": [0, 8, 0]
		},
		"gui": {
			"rotation": [30, 61, 0],
			"translation": [0, 1.5, 0],
			"scale": [0.52, 0.52, 0.52]
		},
		"head": {
			"translation": [0, -20, 0],
			"scale": [-2.6, 2.6, 2.6]
		},
		"fixed": {
			"rotation": [0, 90, 0],
			"translation": [0, 8.5, 0]
		}
	},
	"groups": [
		{
			"name": "group",
			"origin": [8, 8, 8],
			"children": [0, 1, 2, 3, 4, 5]
		},
		{
			"name": "group2",
			"origin": [8, 8, 8],
			"children": [6, 7, 8, 9, 10, 11, 12, 13, 14, 15, 16, 17, 18]
		},
		{
			"name": "group3",
			"origin": [8, 8, 8],
			"children": [19, 20, 21, 22, 23, 24, 25, 26]
		},
		{
			"name": "group4",
			"origin": [8, 8, 8],
			"children": [27, 28, 29, 30]
		},
		{
			"name": "group5",
			"origin": [8, 8, 8],
			"children": [31, 32, 33, 34, 35, 36, 37]
		},
		{
			"name": "group6",
			"origin": [8, 8, 8],
			"children": [38, 39, 40, 41, 42]
		},
		{
			"name": "group7",
			"origin": [8, 8, 8],
			"children": [43, 44, 45, 46, 47]
		},
		{
			"name": "group8",
			"origin": [8, 8, 8],
			"children": [48, 49, 50, 51, 52, 53, 54, 55]
		},
		{
			"name": "group9",
			"origin": [8, 8, 8],
			"children": [56, 57, 58, 59, 60]
		},
		{
			"name": "group10",
			"origin": [8, 8, 8],
			"children": [61, 62, 63, 64, 65, 66, 67]
		}
	]
}