{
	"credit": "Made with Blockbench",
	"textures": {
		"0": "move/vine_energy",
		"particle": "move/vine_energy"
	},
	"elements": [
		{
			"from": [6, -2, 5],
			"to": [10, 2, 11],
			"faces": {
				"north": {"uv": [0, 0, 4, 4], "texture": "#0"},
				"east": {"uv": [10, 11, 16, 15], "texture": "#0"},
				"south": {"uv": [0, 0, 4, 4], "texture": "#0"},
				"west": {"uv": [10, 11, 16, 15], "texture": "#0"},
				"up": {"uv": [11, 10, 15, 16], "texture": "#0"},
				"down": {"uv": [11, 10, 15, 16], "texture": "#0"}
			}
		},
		{
			"from": [5, -2, 6],
			"to": [11, 2, 10],
			"faces": {
				"north": {"uv": [10, 11, 16, 15], "texture": "#0"},
				"east": {"uv": [0, 0, 4, 4], "texture": "#0"},
				"south": {"uv": [10, 11, 16, 15], "texture": "#0"},
				"west": {"uv": [0, 0, 4, 4], "texture": "#0"},
				"up": {"uv": [10, 11, 16, 15], "texture": "#0"},
				"down": {"uv": [10, 11, 16, 15], "texture": "#0"}
			}
		},
		{
			"from": [6, -3, 6],
			"to": [10, 3, 10],
			"faces": {
				"north": {"uv": [11, 10, 15, 16], "texture": "#0"},
				"east": {"uv": [11, 10, 15, 16], "texture": "#0"},
				"south": {"uv": [11, 10, 15, 16], "texture": "#0"},
				"west": {"uv": [11, 10, 15, 16], "texture": "#0"},
				"up": {"uv": [0, 0, 4, 4], "texture": "#0"},
				"down": {"uv": [0, 0, 4, 4], "texture": "#0"}
			}
		},
		{
			"from": [6.5, -1.5, 6.5],
			"to": [9.5, 1.5, 9.5],
			"faces": {
				"north": {"uv": [12, 0, 16, 4], "texture": "#0"},
				"east": {"uv": [12, 0, 16, 4], "texture": "#0"},
				"south": {"uv": [12, 0, 16, 4], "texture": "#0"},
				"west": {"uv": [12, 0, 16, 4], "texture": "#0"},
				"up": {"uv": [12, 0, 16, 4], "texture": "#0"},
				"down": {"uv": [12, 0, 16, 4], "texture": "#0"}
			}
		}
	],
	"display": {
		"thirdperson_righthand": {
			"translation": [0, 6, 0],
			"scale": [0.69, 0.69, 0.69]
		},
		"thirdperson_lefthand": {
			"translation": [0, 6, 0],
			"scale": [0.69, 0.69, 0.69]
		},
		"firstperson_righthand": {
			"translation": [0, 11.75, 0],
			"scale": [1.58, 1.58, 1.58]
		},
		"firstperson_lefthand": {
			"translation": [0, 11.75, 0],
			"scale": [1.58, 1.58, 1.58]
		},
		"ground": {
			"translation": [0, 8, 0]
		},
		"gui": {
			"rotation": [0, 90, 0],
			"translation": [0, 8, 0]
		},
		"head": {
			"translation": [0, -27, 0],
			"scale": [2, 2, 2]
		},
		"fixed": {
			"rotation": [0, 90, 0],
			"translation": [0, 8.5, 0]
		}
	}
}