{
	"credit": "Made with Blockbench",
	"textures": {
		"0": "move/heart",
		"particle": "move/heart"
	},
	"elements": [
		{
			"from": [3.78553, -1, 4.88173],
			"to": [8.78553, 1, 12.88173],
			"rotation": {"angle": -45, "axis": "y", "origin": [8.03553, 0, 8.13173]},
			"faces": {
				"north": {"uv": [0, 0, 5, 2], "texture": "#0"},
				"east": {"uv": [0, 0, 8, 2], "texture": "#0"},
				"south": {"uv": [0, 0, 5, 2], "texture": "#0"},
				"west": {"uv": [0, 0, 8, 2], "texture": "#0"},
				"up": {"uv": [0, 0, 5, 8], "texture": "#0"},
				"down": {"uv": [0, 0, 5, 8], "texture": "#0"}
			}
		},
		{
			"from": [8.78553, -1, 4.88173],
			"to": [11.78553, 1, 9.88173],
			"rotation": {"angle": -45, "axis": "y", "origin": [8.03553, 0, 8.13173]},
			"faces": {
				"north": {"uv": [0, 0, 3, 2], "texture": "#0"},
				"east": {"uv": [0, 0, 5, 2], "texture": "#0"},
				"south": {"uv": [0, 0, 3, 2], "texture": "#0"},
				"west": {"uv": [0, 0, 5, 2], "texture": "#0"},
				"up": {"uv": [0, 0, 3, 5], "texture": "#0"},
				"down": {"uv": [0, 0, 3, 5], "texture": "#0"}
			}
		},
		{
			"from": [4.78553, -2, 5.88173],
			"to": [7.78553, 2, 11.88173],
			"rotation": {"angle": -45, "axis": "y", "origin": [8.03553, 0, 8.13173]},
			"faces": {
				"north": {"uv": [0, 0, 3, 4], "texture": "#0"},
				"east": {"uv": [0, 0, 6, 4], "texture": "#0"},
				"south": {"uv": [0, 0, 3, 4], "texture": "#0"},
				"west": {"uv": [0, 0, 6, 4], "texture": "#0"},
				"up": {"uv": [0, 0, 3, 6], "texture": "#0"},
				"down": {"uv": [0, 0, 3, 6], "texture": "#0"}
			}
		},
		{
			"from": [7.78553, -2, 5.88173],
			"to": [10.78553, 2, 8.88173],
			"rotation": {"angle": -45, "axis": "y", "origin": [8.03553, 0, 8.13173]},
			"faces": {
				"north": {"uv": [0, 0, 3, 4], "texture": "#0"},
				"east": {"uv": [0, 0, 3, 4], "texture": "#0"},
				"south": {"uv": [0, 0, 3, 4], "texture": "#0"},
				"west": {"uv": [0, 0, 3, 4], "texture": "#0"},
				"up": {"uv": [0, 0, 3, 3], "texture": "#0"},
				"down": {"uv": [0, 0, 3, 3], "texture": "#0"}
			}
		}
	],
	"display": {
		"head": {
			"translation": [0, -29, 0],
			"scale": [2, 2, 2]
		}
	}
}