{
    "parent": "item/handheld",
    "textures": {
        "layer0": "item/wooden_axe"
    },
	"display": {
        "thirdperson_righthand": {
            "rotation": [ 0, -90, 55 ],
            "translation": [ 0, 4.0, 0.5 ],
            "scale": [ 1.2, 1.2, 1.2 ]
        },
        "thirdperson_lefthand": {
            "rotation": [ 0, 90, -55 ],
            "translation": [ 0, 4.0, 0.5 ],
            "scale": [ 1.2, 1.2, 1.2 ]
        },
		"head": {
			"translation": [0, -7, -4],
            "rotation": [ 0, 90, 55 ],
			"scale": [ 1.8, -1.8, 1.8 ]
		}
	}
}
